run_id,method,ablation,scenario,disturbance,init_variant,vehicle,speed_deficit_distance_m,safety_correction_count,action_saturation_count,max_abs_jerk_mps3
P_collaborative_none_i0,P,,collaborative,none,0,M,36.26215618869057,55,71,2.5
P_collaborative_none_i0,P,,collaborative,none,0,R,52.08146623623232,70,81,2.5000000000000004
P_collaborative_none_i0,P,,collaborative,none,0,F,0.0,0,0,0.0
P_collaborative_none_i0,P,,collaborative,none,0,B,44.47012403871227,24,24,2.500000000000002
P_collaborative_prepare_i0,P,,collaborative,prepare,0,M,36.26403922331103,55,71,2.5
P_collaborative_prepare_i0,P,,collaborative,prepare,0,R,52.081744402633205,70,81,2.5000000000000004
P_collaborative_prepare_i0,P,,collaborative,prepare,0,F,1.2972109757490824,29,29,2.5
P_collaborative_prepare_i0,P,,collaborative,prepare,0,B,44.470161247884036,24,24,2.500000000000002
P_collaborative_none_i2,P,,collaborative,none,2,M,157.03770495484792,139,126,41.999999999964096
P_collaborative_none_i2,P,,collaborative,none,2,R,160.00175628630495,121,87,30.93333335005454
P_collaborative_none_i2,P,,collaborative,none,2,F,0.0,0,0,0.0
P_collaborative_none_i2,P,,collaborative,none,2,B,144.45311116354412,116,86,51.63840823043748
P_ample_none_i0,P,,ample,none,0,M,3.6178740512587084,38,47,2.5000000000000044
P_ample_none_i0,P,,ample,none,0,R,1.0796278685392817,11,11,2.5
P_ample_none_i0,P,,ample,none,0,F,0.0,3,3,2.5
P_ample_none_i0,P,,ample,none,0,B,0.0,12,12,2.5
P_ample_prepare_i0,P,,ample,prepare,0,M,3.508560367639323,20,29,2.5
P_ample_prepare_i0,P,,ample,prepare,0,R,1.6681155310382203,3,3,2.5
P_ample_prepare_i0,P,,ample,prepare,0,F,1.1544896481720752,32,32,2.500000000000002
P_ample_prepare_i0,P,,ample,prepare,0,B,0.0,2,2,2.5
S1_collaborative_none_i0,S1,,collaborative,none,0,M,12.637170052127079,18,31,2.5
S1_collaborative_none_i0,S1,,collaborative,none,0,R,36.67502544671813,20,29,2.5
S1_collaborative_none_i0,S1,,collaborative,none,0,F,0.0,0,0,0.0
S1_collaborative_none_i0,S1,,collaborative,none,0,B,30.262873165558748,1,1,2.5
S1_collaborative_prepare_i0,S1,,collaborative,prepare,0,M,17.126394136679362,46,59,2.5
S1_collaborative_prepare_i0,S1,,collaborative,prepare,0,R,38.359095784371895,46,55,2.5000000000000044
S1_collaborative_prepare_i0,S1,,collaborative,prepare,0,F,1.2972109757490824,29,29,2.5
S1_collaborative_prepare_i0,S1,,collaborative,prepare,0,B,32.081310677402456,23,23,2.5
S1_collaborative_none_i2,S1,,collaborative,none,2,M,25.581301306678434,20,37,2.5
S1_collaborative_none_i2,S1,,collaborative,none,2,R,43.714184089590916,20,29,2.5
S1_collaborative_none_i2,S1,,collaborative,none,2,F,0.0,0,0,0.0
S1_collaborative_none_i2,S1,,collaborative,none,2,B,36.61702476487765,1,1,2.5
S1_ample_none_i0,S1,,ample,none,0,M,2.4176163431559687,12,19,2.500000000000002
S1_ample_none_i0,S1,,ample,none,0,R,4.802572547565209,8,8,2.5
S1_ample_none_i0,S1,,ample,none,0,F,0.0,3,3,2.5
S1_ample_none_i0,S1,,ample,none,0,B,0.8265401352569391,2,2,2.5
S1_ample_prepare_i0,S1,,ample,prepare,0,M,3.3105416627786557,22,29,2.5
S1_ample_prepare_i0,S1,,ample,prepare,0,R,4.966535759943367,8,8,2.5
S1_ample_prepare_i0,S1,,ample,prepare,0,F,1.1544896481720752,32,32,2.500000000000002
S1_ample_prepare_i0,S1,,ample,prepare,0,B,0.8712119150824409,2,2,2.5
S2_collaborative_none_i0,S2,,collaborative,none,0,M,11.759669955243504,17,30,2.5
S2_collaborative_none_i0,S2,,collaborative,none,0,R,29.681730549386245,18,26,2.5
S2_collaborative_none_i0,S2,,collaborative,none,0,F,0.0,0,0,0.0
S2_collaborative_none_i0,S2,,collaborative,none,0,B,23.306764193834308,1,1,2.5
S2_collaborative_prepare_i0,S2,,collaborative,prepare,0,M,15.982157149165081,46,59,2.5
S2_collaborative_prepare_i0,S2,,collaborative,prepare,0,R,32.33442412349136,44,52,2.5
S2_collaborative_prepare_i0,S2,,collaborative,prepare,0,F,1.2972109757490824,29,29,2.5
S2_collaborative_prepare_i0,S2,,collaborative,prepare,0,B,26.10836265280787,24,24,2.5
S2_collaborative_none_i2,S2,,collaborative,none,2,M,23.901857031066363,19,37,2.5
S2_collaborative_none_i2,S2,,collaborative,none,2,R,41.41011152436596,19,27,2.5
S2_collaborative_none_i2,S2,,collaborative,none,2,F,0.0,0,0,0.0
S2_collaborative_none_i2,S2,,collaborative,none,2,B,34.28751841061652,1,1,2.5
S2_ample_none_i0,S2,,ample,none,0,M,2.7394062184594525,19,26,2.5
S2_ample_none_i0,S2,,ample,none,0,R,2.5770986874782023,7,7,2.5
S2_ample_none_i0,S2,,ample,none,0,F,0.0,3,3,2.5
S2_ample_none_i0,S2,,ample,none,0,B,0.0,2,2,2.5
S2_ample_prepare_i0,S2,,ample,prepare,0,M,3.1787224302871198,16,23,2.5
S2_ample_prepare_i0,S2,,ample,prepare,0,R,3.136492714651361,7,7,2.5
S2_ample_prepare_i0,S2,,ample,prepare,0,F,1.1544896481720752,32,32,2.500000000000002
S2_ample_prepare_i0,S2,,ample,prepare,0,B,0.02646732771342464,2,2,2.5
S3_collaborative_none_i0,S3,,collaborative,none,0,M,10.155722235737182,16,32,2.5
S3_collaborative_none_i0,S3,,collaborative,none,0,R,27.20946366712274,17,25,2.5
S3_collaborative_none_i0,S3,,collaborative,none,0,F,0.0,0,0,0.0
S3_collaborative_none_i0,S3,,collaborative,none,0,B,20.88323087765489,1,1,2.5
S3_collaborative_prepare_i0,S3,,collaborative,prepare,0,M,15.381947755899908,45,60,2.5000000000000044
S3_collaborative_prepare_i0,S3,,collaborative,prepare,0,R,30.190786162019094,43,51,2.5
S3_collaborative_prepare_i0,S3,,collaborative,prepare,0,F,1.2972109757490824,29,29,2.5
S3_collaborative_prepare_i0,S3,,collaborative,prepare,0,B,24.00574894413357,24,24,2.5
S3_collaborative_none_i2,S3,,collaborative,none,2,M,21.547655926240942,18,36,2.5
S3_collaborative_none_i2,S3,,collaborative,none,2,R,38.712628895804315,18,26,2.5
S3_collaborative_none_i2,S3,,collaborative,none,2,F,0.0,0,0,0.0
S3_collaborative_none_i2,S3,,collaborative,none,2,B,31.58782549313988,1,1,2.5
S3_ample_none_i0,S3,,ample,none,0,M,3.220935044944301,29,35,2.5000000000000044
S3_ample_none_i0,S3,,ample,none,0,R,1.7094619882531923,6,6,2.5
S3_ample_none_i0,S3,,ample,none,0,F,0.0,3,3,2.5
S3_ample_none_i0,S3,,ample,none,0,B,0.0,2,2,2.5
S3_ample_prepare_i0,S3,,ample,prepare,0,M,3.390051672523854,19,25,2.500000000000002
S3_ample_prepare_i0,S3,,ample,prepare,0,R,2.5952295349430563,6,6,2.5
S3_ample_prepare_i0,S3,,ample,prepare,0,F,1.1544896481720752,32,32,2.500000000000002
S3_ample_prepare_i0,S3,,ample,prepare,0,B,0.0,2,2,2.5
oldC_collaborative_none_i0,oldC,,collaborative,none,0,M,0.33943006844660567,25,25,2.500000000000001
oldC_collaborative_none_i0,oldC,,collaborative,none,0,R,0.7061658892133494,8,8,2.5
oldC_collaborative_none_i0,oldC,,collaborative,none,0,F,0.0,0,0,0.0
oldC_collaborative_none_i0,oldC,,collaborative,none,0,B,0.0,1,1,2.5
oldC_collaborative_prepare_i0,oldC,,collaborative,prepare,0,M,1.2870470517715027,26,26,2.5
oldC_collaborative_prepare_i0,oldC,,collaborative,prepare,0,R,1.840698775340268,7,7,2.5
oldC_collaborative_prepare_i0,oldC,,collaborative,prepare,0,F,1.2972109757490824,29,29,2.5
oldC_collaborative_prepare_i0,oldC,,collaborative,prepare,0,B,0.0,1,1,2.5
oldC_collaborative_none_i2,oldC,,collaborative,none,2,M,0.18046351172904398,55,55,2.5
oldC_collaborative_none_i2,oldC,,collaborative,none,2,R,3.7744241778161345,38,38,2.5
oldC_collaborative_none_i2,oldC,,collaborative,none,2,F,0.0,0,0,0.0
oldC_collaborative_none_i2,oldC,,collaborative,none,2,B,1.2632545793951093,1,1,2.5
oldC_ample_none_i0,oldC,,ample,none,0,M,3.5835080565890425,31,31,2.5000000000000004
oldC_ample_none_i0,oldC,,ample,none,0,R,1.3314935877345015,5,5,2.5
oldC_ample_none_i0,oldC,,ample,none,0,F,0.0,3,3,2.5
oldC_ample_none_i0,oldC,,ample,none,0,B,0.0,2,2,2.5
oldC_ample_prepare_i0,oldC,,ample,prepare,0,M,4.816108954944756,53,53,2.5
oldC_ample_prepare_i0,oldC,,ample,prepare,0,R,4.0545537159102905,21,21,2.5000000000000004
oldC_ample_prepare_i0,oldC,,ample,prepare,0,F,1.1544896481720752,32,32,2.500000000000002
oldC_ample_prepare_i0,oldC,,ample,prepare,0,B,0.6725941837644998,21,21,2.5
P_ample_none_i1,P,,ample,none,1,M,13.073252951777862,15,23,2.5
P_ample_none_i1,P,,ample,none,1,R,33.70874756850066,11,33,2.500000000000001
P_ample_none_i1,P,,ample,none,1,F,0.0,3,3,2.5
P_ample_none_i1,P,,ample,none,1,B,26.27540891405555,2,2,2.5
P_ample_none_i2,P,,ample,none,2,M,1.0494624974614886,6,16,2.5
P_ample_none_i2,P,,ample,none,2,R,10.37891006160537,5,16,2.5
P_ample_none_i2,P,,ample,none,2,F,0.0,3,3,2.5
P_ample_none_i2,P,,ample,none,2,B,4.540233741760013,2,2,2.5
P_ample_prepare_i1,P,,ample,prepare,1,M,13.077898073907276,15,23,2.5
P_ample_prepare_i1,P,,ample,prepare,1,R,33.71051341670381,11,33,2.500000000000001
P_ample_prepare_i1,P,,ample,prepare,1,F,1.1544896481720752,32,32,2.500000000000002
P_ample_prepare_i1,P,,ample,prepare,1,B,26.277467795974914,2,2,2.5
P_ample_prepare_i2,P,,ample,prepare,2,M,1.8789378699425943,4,14,2.5
P_ample_prepare_i2,P,,ample,prepare,2,R,10.452229638982477,5,16,2.5
P_ample_prepare_i2,P,,ample,prepare,2,F,1.1544896481720752,32,32,2.500000000000002
P_ample_prepare_i2,P,,ample,prepare,2,B,4.574788701284734,2,2,2.5
P_collaborative_none_i1,P,,collaborative,none,1,M,16.87868466499321,15,23,2.5
P_collaborative_none_i1,P,,collaborative,none,1,R,81.9091922456982,20,48,2.5
P_collaborative_none_i1,P,,collaborative,none,1,F,0.0,0,0,0.0
P_collaborative_none_i1,P,,collaborative,none,1,B,74.78184516439232,2,2,2.5
P_collaborative_prepare_i1,P,,collaborative,prepare,1,M,16.88515278370356,15,23,2.5
P_collaborative_prepare_i1,P,,collaborative,prepare,1,R,81.9091949323054,20,48,2.5
P_collaborative_prepare_i1,P,,collaborative,prepare,1,F,1.2972109757490824,29,29,2.5
P_collaborative_prepare_i1,P,,collaborative,prepare,1,B,74.78184521384276,2,2,2.5
P_collaborative_prepare_i2,P,,collaborative,prepare,2,M,193.4446875000002,210,58,52.49999999998364
P_collaborative_prepare_i2,P,,collaborative,prepare,2,R,188.32762500000018,170,46,69.00000000001273
P_collaborative_prepare_i2,P,,collaborative,prepare,2,F,1.2972109757490824,29,29,2.5
P_collaborative_prepare_i2,P,,collaborative,prepare,2,B,168.27155312114687,200,20,56.82748709961647
P_short_window_none_i0,P,,short_window,none,0,M,190.33487499999987,190,75,50.999999999987985
P_short_window_none_i0,P,,short_window,none,0,R,189.9092500000002,190,55,59.000000000014374
P_short_window_none_i0,P,,short_window,none,0,F,0.0,0,0,0.0
P_short_window_none_i0,P,,short_window,none,0,B,172.08081930453278,172,21,74.98139743929694
P_short_window_none_i1,P,,short_window,none,1,M,142.10234677192392,164,57,79.99999999999811
P_short_window_none_i1,P,,short_window,none,1,R,168.17053467637422,44,47,79.9999999999942
P_short_window_none_i1,P,,short_window,none,1,F,0.0,0,0,0.0
P_short_window_none_i1,P,,short_window,none,1,B,160.6466742242365,35,17,51.50370180295481
P_short_window_none_i2,P,,short_window,none,2,M,189.26131250000003,190,84,42.50000000000375
P_short_window_none_i2,P,,short_window,none,2,R,193.0884145448273,189,60,75.53080598554924
P_short_window_none_i2,P,,short_window,none,2,F,0.0,0,0,0.0
P_short_window_none_i2,P,,short_window,none,2,B,175.10478090496557,172,18,68.61395569087438
P_short_window_prepare_i0,P,,short_window,prepare,0,M,190.33487499999987,190,75,50.999999999987985
P_short_window_prepare_i0,P,,short_window,prepare,0,R,189.9092500000002,190,55,59.000000000014374
P_short_window_prepare_i0,P,,short_window,prepare,0,F,1.2972109757490824,29,29,2.5
P_short_window_prepare_i0,P,,short_window,prepare,0,B,172.08081930453278,172,21,74.98139743929694
P_short_window_prepare_i1,P,,short_window,prepare,1,M,142.10234677192392,164,57,79.99999999999811
P_short_window_prepare_i1,P,,short_window,prepare,1,R,168.1705351462595,44,47,79.9999999999942
P_short_window_prepare_i1,P,,short_window,prepare,1,F,1.2972109757490824,29,29,2.5
P_short_window_prepare_i1,P,,short_window,prepare,1,B,160.64667441162706,35,17,51.50370180295481
P_short_window_prepare_i2,P,,short_window,prepare,2,M,189.26131250000003,190,84,42.50000000000375
P_short_window_prepare_i2,P,,short_window,prepare,2,R,193.0884145448273,189,60,75.53080598554924
P_short_window_prepare_i2,P,,short_window,prepare,2,F,1.2972109757490824,29,29,2.5
P_short_window_prepare_i2,P,,short_window,prepare,2,B,175.10478090496557,172,18,68.61395569087438
S1_ample_none_i1,S1,,ample,none,1,M,24.46294173487676,19,27,2.5
S1_ample_none_i1,S1,,ample,none,1,R,60.73979325602802,21,35,2.5
S1_ample_none_i1,S1,,ample,none,1,F,0.0,3,3,2.5
S1_ample_none_i1,S1,,ample,none,1,B,53.078141618819686,2,2,2.5
S1_ample_none_i2,S1,,ample,none,2,M,1.2448743378096934,9,16,2.5
S1_ample_none_i2,S1,,ample,none,2,R,28.292589705121657,15,22,2.5
S1_ample_none_i2,S1,,ample,none,2,F,0.0,3,3,2.5
S1_ample_none_i2,S1,,ample,none,2,B,20.639194295081467,2,2,2.5
S1_ample_prepare_i1,S1,,ample,prepare,1,M,24.504449158269136,19,27,2.5
S1_ample_prepare_i1,S1,,ample,prepare,1,R,60.68555000377257,21,35,2.5
S1_ample_prepare_i1,S1,,ample,prepare,1,F,1.1544896481720752,32,32,2.500000000000002
S1_ample_prepare_i1,S1,,ample,prepare,1,B,53.025645009440716,2,2,2.5
S1_ample_prepare_i2,S1,,ample,prepare,2,M,2.046836962907833,8,15,2.5
S1_ample_prepare_i2,S1,,ample,prepare,2,R,28.306001591288908,15,22,2.5
S1_ample_prepare_i2,S1,,ample,prepare,2,F,1.1544896481720752,32,32,2.500000000000002
S1_ample_prepare_i2,S1,,ample,prepare,2,B,20.651944531796083,2,2,2.5
S1_collaborative_none_i1,S1,,collaborative,none,1,M,35.535154329357034,22,32,2.5
S1_collaborative_none_i1,S1,,collaborative,none,1,R,111.98348973400874,27,51,2.5
S1_collaborative_none_i1,S1,,collaborative,none,1,F,0.0,0,0,0.0
S1_collaborative_none_i1,S1,,collaborative,none,1,B,104.48971478753346,2,2,2.5
S1_collaborative_prepare_i1,S1,,collaborative,prepare,1,M,35.806107050993056,22,32,2.5
S1_collaborative_prepare_i1,S1,,collaborative,prepare,1,R,111.58743811898316,27,51,2.5
S1_collaborative_prepare_i1,S1,,collaborative,prepare,1,F,1.2972109757490824,29,29,2.5
S1_collaborative_prepare_i1,S1,,collaborative,prepare,1,B,104.09323213530676,2,2,2.5
S1_collaborative_prepare_i2,S1,,collaborative,prepare,2,M,87.39376219476765,30,54,2.5
S1_collaborative_prepare_i2,S1,,collaborative,prepare,2,R,105.37013412763547,28,45,2.5
S1_collaborative_prepare_i2,S1,,collaborative,prepare,2,F,1.2972109757490824,29,29,2.5
S1_collaborative_prepare_i2,S1,,collaborative,prepare,2,B,96.15898446021345,1,1,2.5
S1_short_window_none_i0,S1,,short_window,none,0,M,135.7007130849159,53,76,2.5
S1_short_window_none_i0,S1,,short_window,none,0,R,153.79062499607363,52,68,2.5
S1_short_window_none_i0,S1,,short_window,none,0,F,0.0,0,0,0.0
S1_short_window_none_i0,S1,,short_window,none,0,B,150.50672227694287,52,52,2.5
S1_short_window_none_i1,S1,,short_window,none,1,M,142.10234677192392,164,57,79.99999999999811
S1_short_window_none_i1,S1,,short_window,none,1,R,168.17053467637422,44,47,79.9999999999942
S1_short_window_none_i1,S1,,short_window,none,1,F,0.0,0,0,0.0
S1_short_window_none_i1,S1,,short_window,none,1,B,160.6466742242365,35,17,51.50370180295481
S1_short_window_none_i2,S1,,short_window,none,2,M,156.9792102772181,56,79,2.5
S1_short_window_none_i2,S1,,short_window,none,2,R,166.8479655673453,53,69,2.5
S1_short_window_none_i2,S1,,short_window,none,2,F,0.0,0,0,0.0
S1_short_window_none_i2,S1,,short_window,none,2,B,161.30877192809888,56,55,2.5
S1_short_window_prepare_i0,S1,,short_window,prepare,0,M,134.9192380242058,51,74,2.5
S1_short_window_prepare_i0,S1,,short_window,prepare,0,R,149.50276220537765,50,66,2.5
S1_short_window_prepare_i0,S1,,short_window,prepare,0,F,1.2972109757490824,29,29,2.5
S1_short_window_prepare_i0,S1,,short_window,prepare,0,B,145.42721201538635,49,49,2.5
S1_short_window_prepare_i1,S1,,short_window,prepare,1,M,142.10234677192392,164,57,79.99999999999811
S1_short_window_prepare_i1,S1,,short_window,prepare,1,R,168.1705351462595,44,47,79.9999999999942
S1_short_window_prepare_i1,S1,,short_window,prepare,1,F,1.2972109757490824,29,29,2.5
S1_short_window_prepare_i1,S1,,short_window,prepare,1,B,160.64667441162706,35,17,51.50370180295481
S1_short_window_prepare_i2,S1,,short_window,prepare,2,M,153.79113045858745,54,77,2.5
S1_short_window_prepare_i2,S1,,short_window,prepare,2,R,164.07672695108567,51,67,2.5
S1_short_window_prepare_i2,S1,,short_window,prepare,2,F,1.2972109757490824,29,29,2.5
S1_short_window_prepare_i2,S1,,short_window,prepare,2,B,158.26632155833613,54,53,2.5
S2_ample_none_i1,S2,,ample,none,1,M,17.832640435959554,16,25,2.5
S2_ample_none_i1,S2,,ample,none,1,R,47.85177432177275,18,31,2.5
S2_ample_none_i1,S2,,ample,none,1,F,0.0,3,3,2.5
S2_ample_none_i1,S2,,ample,none,1,B,40.42872165858346,2,2,2.5
S2_ample_none_i2,S2,,ample,none,2,M,1.3514188393970048,4,11,2.5
S2_ample_none_i2,S2,,ample,none,2,R,22.573606902496493,13,20,2.5
S2_ample_none_i2,S2,,ample,none,2,F,0.0,3,3,2.5
S2_ample_none_i2,S2,,ample,none,2,B,15.193101852842656,2,2,2.5
S2_ample_prepare_i1,S2,,ample,prepare,1,M,17.860968464948193,16,25,2.5
S2_ample_prepare_i1,S2,,ample,prepare,1,R,47.81786284973355,18,31,2.5
S2_ample_prepare_i1,S2,,ample,prepare,1,F,1.1544896481720752,32,32,2.500000000000002
S2_ample_prepare_i1,S2,,ample,prepare,1,B,40.39478466669616,2,2,2.5
S2_ample_prepare_i2,S2,,ample,prepare,2,M,2.2215425406343488,1,8,2.5
S2_ample_prepare_i2,S2,,ample,prepare,2,R,22.608669911208374,13,20,2.5
S2_ample_prepare_i2,S2,,ample,prepare,2,F,1.1544896481720752,32,32,2.500000000000002
S2_ample_prepare_i2,S2,,ample,prepare,2,B,15.224290931539532,2,2,2.5
S2_collaborative_none_i1,S2,,collaborative,none,1,M,29.26249466435304,20,28,2.5
S2_collaborative_none_i1,S2,,collaborative,none,1,R,98.43277048221502,25,50,2.5
S2_collaborative_none_i1,S2,,collaborative,none,1,F,0.0,0,0,0.0
S2_collaborative_none_i1,S2,,collaborative,none,1,B,90.97911349284843,2,2,2.5
S2_collaborative_prepare_i1,S2,,collaborative,prepare,1,M,29.49959997560504,20,28,2.5
S2_collaborative_prepare_i1,S2,,collaborative,prepare,1,R,98.07603524579876,25,50,2.5
S2_collaborative_prepare_i1,S2,,collaborative,prepare,1,F,1.2972109757490824,29,29,2.5
S2_collaborative_prepare_i1,S2,,collaborative,prepare,1,B,90.62687078369196,2,2,2.5
S2_collaborative_prepare_i2,S2,,collaborative,prepare,2,M,82.22756922962377,29,57,2.5
S2_collaborative_prepare_i2,S2,,collaborative,prepare,2,R,98.56503689895722,26,41,2.5
S2_collaborative_prepare_i2,S2,,collaborative,prepare,2,F,1.2972109757490824,29,29,2.5
S2_collaborative_prepare_i2,S2,,collaborative,prepare,2,B,89.23581403863514,1,1,2.5
S2_short_window_none_i0,S2,,short_window,none,0,M,121.007380818855,45,69,2.5
S2_short_window_none_i0,S2,,short_window,none,0,R,132.26786353116134,42,59,2.5
S2_short_window_none_i0,S2,,short_window,none,0,F,0.0,0,0,0.0
S2_short_window_none_i0,S2,,short_window,none,0,B,125.73912184738184,39,39,2.5
S2_short_window_none_i1,S2,,short_window,none,1,M,142.10234677192392,164,57,79.99999999999811
S2_short_window_none_i1,S2,,short_window,none,1,R,168.17053467637422,44,47,79.9999999999942
S2_short_window_none_i1,S2,,short_window,none,1,F,0.0,0,0,0.0
S2_short_window_none_i1,S2,,short_window,none,1,B,160.6466742242365,35,17,51.50370180295481
S2_short_window_none_i2,S2,,short_window,none,2,M,103.37239880659439,40,65,2.5
S2_short_window_none_i2,S2,,short_window,none,2,R,127.16659069387215,39,56,2.5
S2_short_window_none_i2,S2,,short_window,none,2,F,0.0,0,0,0.0
S2_short_window_none_i2,S2,,short_window,none,2,B,121.68359868467586,35,35,2.5000000000000044
S2_short_window_prepare_i0,S2,,short_window,prepare,0,M,121.95446873331953,43,70,2.5
S2_short_window_prepare_i0,S2,,short_window,prepare,0,R,130.8056665337327,39,57,2.5
S2_short_window_prepare_i0,S2,,short_window,prepare,0,F,1.2972109757490824,29,29,2.5
S2_short_window_prepare_i0,S2,,short_window,prepare,0,B,122.76545421900991,35,35,2.5
S2_short_window_prepare_i1,S2,,short_window,prepare,1,M,142.10234677192392,164,57,79.99999999999811
S2_short_window_prepare_i1,S2,,short_window,prepare,1,R,168.1705351462595,44,47,79.9999999999942
S2_short_window_prepare_i1,S2,,short_window,prepare,1,F,1.2972109757490824,29,29,2.5
S2_short_window_prepare_i1,S2,,short_window,prepare,1,B,160.64667441162706,35,17,51.50370180295481
S2_short_window_prepare_i2,S2,,short_window,prepare,2,M,111.8952832599268,43,68,2.5
S2_short_window_prepare_i2,S2,,short_window,prepare,2,R,133.70849465359754,42,59,2.5
S2_short_window_prepare_i2,S2,,short_window,prepare,2,F,1.2972109757490824,29,29,2.5
S2_short_window_prepare_i2,S2,,short_window,prepare,2,B,128.33447624561344,39,39,2.5
S3_ample_none_i1,S3,,ample,none,1,M,19.569694531118163,17,26,2.5
S3_ample_none_i1,S3,,ample,none,1,R,50.166364683556324,19,32,2.5
S3_ample_none_i1,S3,,ample,none,1,F,0.0,3,3,2.5
S3_ample_none_i1,S3,,ample,none,1,B,42.728978507786756,2,2,2.5
S3_ample_none_i2,S3,,ample,none,2,M,1.383056519861463,3,10,2.5
S3_ample_none_i2,S3,,ample,none,2,R,22.28430763747094,13,20,2.5
S3_ample_none_i2,S3,,ample,none,2,F,0.0,3,3,2.5
S3_ample_none_i2,S3,,ample,none,2,B,14.92272104498561,2,2,2.5
S3_ample_prepare_i1,S3,,ample,prepare,1,M,19.605362696038533,17,26,2.5
S3_ample_prepare_i1,S3,,ample,prepare,1,R,50.14126051040521,19,32,2.5
S3_ample_prepare_i1,S3,,ample,prepare,1,F,1.1544896481720752,32,32,2.500000000000002
S3_ample_prepare_i1,S3,,ample,prepare,1,B,42.70390923453999,2,2,2.5
S3_ample_prepare_i2,S3,,ample,prepare,2,M,2.2533487438925204,0,7,2.5
S3_ample_prepare_i2,S3,,ample,prepare,2,R,22.31611718964401,13,20,2.5
S3_ample_prepare_i2,S3,,ample,prepare,2,F,1.1544896481720752,32,32,2.500000000000002
S3_ample_prepare_i2,S3,,ample,prepare,2,B,14.950747641012342,2,2,2.5
S3_collaborative_none_i1,S3,,collaborative,none,1,M,35.07945018737656,22,31,2.5
S3_collaborative_none_i1,S3,,collaborative,none,1,R,106.93005412008837,26,50,2.5
S3_collaborative_none_i1,S3,,collaborative,none,1,F,0.0,0,0,0.0
S3_collaborative_none_i1,S3,,collaborative,none,1,B,99.41343170672793,2,2,2.5
S3_collaborative_prepare_i1,S3,,collaborative,prepare,1,M,35.42424746958071,22,32,2.5
S3_collaborative_prepare_i1,S3,,collaborative,prepare,1,R,106.69714781389281,26,50,2.5
S3_collaborative_prepare_i1,S3,,collaborative,prepare,1,F,1.2972109757490824,29,29,2.5
S3_collaborative_prepare_i1,S3,,collaborative,prepare,1,B,99.18140314177342,2,2,2.5
S3_collaborative_prepare_i2,S3,,collaborative,prepare,2,M,70.29210457464652,27,53,2.5
S3_collaborative_prepare_i2,S3,,collaborative,prepare,2,R,91.36976687546723,25,40,2.5
S3_collaborative_prepare_i2,S3,,collaborative,prepare,2,F,1.2972109757490824,29,29,2.5
S3_collaborative_prepare_i2,S3,,collaborative,prepare,2,B,82.63370478213996,1,1,2.5
S3_short_window_none_i0,S3,,short_window,none,0,M,110.94558967492009,37,60,2.5
S3_short_window_none_i0,S3,,short_window,none,0,R,120.94963178324863,33,50,2.5
S3_short_window_none_i0,S3,,short_window,none,0,F,0.0,0,0,0.0
S3_short_window_none_i0,S3,,short_window,none,0,B,112.59959643919053,24,24,2.5
S3_short_window_none_i1,S3,,short_window,none,1,M,142.10234677192392,164,57,79.99999999999811
S3_short_window_none_i1,S3,,short_window,none,1,R,168.17053467637422,44,47,79.9999999999942
S3_short_window_none_i1,S3,,short_window,none,1,F,0.0,0,0,0.0
S3_short_window_none_i1,S3,,short_window,none,1,B,160.6466742242365,35,17,51.50370180295481
S3_short_window_none_i2,S3,,short_window,none,2,M,96.09540649414348,30,55,2.5
S3_short_window_none_i2,S3,,short_window,none,2,R,116.0930914250126,28,45,2.5
S3_short_window_none_i2,S3,,short_window,none,2,F,0.0,0,0,0.0
S3_short_window_none_i2,S3,,short_window,none,2,B,109.14702478756078,19,18,2.5
S3_short_window_prepare_i0,S3,,short_window,prepare,0,M,104.69198404061008,27,56,2.5
S3_short_window_prepare_i0,S3,,short_window,prepare,0,R,115.07051025629518,24,41,2.5
S3_short_window_prepare_i0,S3,,short_window,prepare,0,F,1.2972109757490824,29,29,2.5
S3_short_window_prepare_i0,S3,,short_window,prepare,0,B,106.7643732757422,5,4,2.5
S3_short_window_prepare_i1,S3,,short_window,prepare,1,M,142.10234677192392,164,57,79.99999999999811
S3_short_window_prepare_i1,S3,,short_window,prepare,1,R,168.1705351462595,44,47,79.9999999999942
S3_short_window_prepare_i1,S3,,short_window,prepare,1,F,1.2972109757490824,29,29,2.5
S3_short_window_prepare_i1,S3,,short_window,prepare,1,B,160.64667441162706,35,17,51.50370180295481
S3_short_window_prepare_i2,S3,,short_window,prepare,2,M,103.14991708951004,32,60,2.5
S3_short_window_prepare_i2,S3,,short_window,prepare,2,R,119.82423502363625,30,47,2.5
S3_short_window_prepare_i2,S3,,short_window,prepare,2,F,1.2972109757490824,29,29,2.5
S3_short_window_prepare_i2,S3,,short_window,prepare,2,B,112.79287078249433,25,24,2.5
oldC_ample_none_i1,oldC,,ample,none,1,M,0.0,41,41,2.5
oldC_ample_none_i1,oldC,,ample,none,1,R,0.005241281791090913,5,5,2.5
oldC_ample_none_i1,oldC,,ample,none,1,F,0.0,3,3,2.5
oldC_ample_none_i1,oldC,,ample,none,1,B,0.0,2,2,2.5
oldC_ample_none_i2,oldC,,ample,none,2,M,17.017000535038918,80,71,2.5
oldC_ample_none_i2,oldC,,ample,none,2,R,20.30267955419344,65,65,2.5000000000000044
oldC_ample_none_i2,oldC,,ample,none,2,F,0.0,3,3,2.5
oldC_ample_none_i2,oldC,,ample,none,2,B,16.892172404844118,57,57,2.500000000000002
oldC_ample_prepare_i1,oldC,,ample,prepare,1,M,0.0,40,40,2.5000000000000044
oldC_ample_prepare_i1,oldC,,ample,prepare,1,R,1.2116259669340745,3,3,2.5000000000000004
oldC_ample_prepare_i1,oldC,,ample,prepare,1,F,1.1544896481720752,32,32,2.500000000000002
oldC_ample_prepare_i1,oldC,,ample,prepare,1,B,0.0,2,2,2.5
oldC_ample_prepare_i2,oldC,,ample,prepare,2,M,21.302868714531883,81,69,2.500000000000001
oldC_ample_prepare_i2,oldC,,ample,prepare,2,R,40.557305060757756,79,76,2.5
oldC_ample_prepare_i2,oldC,,ample,prepare,2,F,1.1544896481720752,32,32,2.500000000000002
oldC_ample_prepare_i2,oldC,,ample,prepare,2,B,35.927642909663525,67,67,2.5
oldC_collaborative_none_i1,oldC,,collaborative,none,1,M,0.0,14,14,2.5
oldC_collaborative_none_i1,oldC,,collaborative,none,1,R,0.8666238344187612,8,8,2.5
oldC_collaborative_none_i1,oldC,,collaborative,none,1,F,0.0,0,0,0.0
oldC_collaborative_none_i1,oldC,,collaborative,none,1,B,0.0,2,2,2.5
oldC_collaborative_prepare_i1,oldC,,collaborative,prepare,1,M,0.0,15,15,2.5
oldC_collaborative_prepare_i1,oldC,,collaborative,prepare,1,R,2.1066076224804804,7,7,2.5
oldC_collaborative_prepare_i1,oldC,,collaborative,prepare,1,F,1.2972109757490824,29,29,2.5
oldC_collaborative_prepare_i1,oldC,,collaborative,prepare,1,B,0.0038316002384188863,2,2,2.5
oldC_collaborative_prepare_i2,oldC,,collaborative,prepare,2,M,1.2364682450804592,50,50,2.5000000000000004
oldC_collaborative_prepare_i2,oldC,,collaborative,prepare,2,R,5.057337061139591,34,34,2.5
oldC_collaborative_prepare_i2,oldC,,collaborative,prepare,2,F,1.2972109757490824,29,29,2.5
oldC_collaborative_prepare_i2,oldC,,collaborative,prepare,2,B,1.7683597134651667,1,1,2.5
oldC_short_window_none_i0,oldC,,short_window,none,0,M,8.740532182093217,64,64,2.5
oldC_short_window_none_i0,oldC,,short_window,none,0,R,9.246803540430996,50,50,2.5
oldC_short_window_none_i0,oldC,,short_window,none,0,F,0.0,0,0,0.0
oldC_short_window_none_i0,oldC,,short_window,none,0,B,6.287696292227394,2,2,2.5
oldC_short_window_none_i1,oldC,,short_window,none,1,M,4.292987155462986,45,45,2.5
oldC_short_window_none_i1,oldC,,short_window,none,1,R,9.468939794851693,56,56,2.5
oldC_short_window_none_i1,oldC,,short_window,none,1,F,0.0,0,0,0.0
oldC_short_window_none_i1,oldC,,short_window,none,1,B,6.49384800047491,2,2,2.5
oldC_short_window_none_i2,oldC,,short_window,none,2,M,10.750715349319758,75,75,2.5000000000000044
oldC_short_window_none_i2,oldC,,short_window,none,2,R,11.919073736261458,41,41,2.5
oldC_short_window_none_i2,oldC,,short_window,none,2,F,0.0,0,0,0.0
oldC_short_window_none_i2,oldC,,short_window,none,2,B,8.565177564982665,2,2,2.5
oldC_short_window_prepare_i0,oldC,,short_window,prepare,0,M,199.7791064908485,301,76,68.70469069274363
oldC_short_window_prepare_i0,oldC,,short_window,prepare,0,R,194.49606481109385,265,85,54.451350921631736
oldC_short_window_prepare_i0,oldC,,short_window,prepare,0,F,1.2972109757490824,29,29,2.5
oldC_short_window_prepare_i0,oldC,,short_window,prepare,0,B,191.95811866431904,257,30,41.37414783816045
oldC_short_window_prepare_i1,oldC,,short_window,prepare,1,M,5.985320708544632,48,48,2.5
oldC_short_window_prepare_i1,oldC,,short_window,prepare,1,R,11.528820830330023,65,62,2.5
oldC_short_window_prepare_i1,oldC,,short_window,prepare,1,F,1.2972109757490824,29,29,2.5
oldC_short_window_prepare_i1,oldC,,short_window,prepare,1,B,8.887725218774152,2,2,2.5
oldC_short_window_prepare_i2,oldC,,short_window,prepare,2,M,13.361986952669255,85,82,2.5
oldC_short_window_prepare_i2,oldC,,short_window,prepare,2,R,13.830881301340268,50,50,2.5
oldC_short_window_prepare_i2,oldC,,short_window,prepare,2,F,1.2972109757490824,29,29,2.5
oldC_short_window_prepare_i2,oldC,,short_window,prepare,2,B,10.886391822505198,2,2,2.5
