run_id,method,scenario,disturbance,init_variant,vehicle,speed_deficit_integral_m_s,accel_squared_integral,abs_jerk_integral,abs_nominal_actual_difference_integral,safety_correction_count,safety_correction_abs_integral,distance_m,min_net_gap_m
A_ample_none_i0,A,ample,none,0,M,2.070436395992044,4.476966085828221,2.864569194497783,0.2547510091176094,0.0,0.0,293.66816879805714,11.251064264926082
A_ample_none_i0,A,ample,none,0,R,1.657174825705889,0.6988949579420606,3.359085032302751,0.6106390037150369,7.0,1.329984387433996,286.4058863552003,30.2
A_ample_none_i0,A,ample,none,0,F,0.0,0.10382143997435297,0.7862495690905905,0.025187499999999908,0.0,0.0,288.61786707599197,11.251064264926082
A_ample_none_i0,A,ample,none,0,B,0.0,0.046942289206494396,0.8094582866271223,0.007574755971024108,0.0,0.0,292.0008157456355,11.251064264926082
A_ample_none_i1,A,ample,none,1,M,0.858210914527885,1.6706122873296665,2.816905237045523,0.09035239746093641,0.0,0.0,296.6234646675982,10.601417033255029
A_ample_none_i1,A,ample,none,1,R,2.065415458342431,1.2191648888450985,5.129850038812578,1.0432499863562386,9.0,1.841374701498804,286.4122351986555,30.2
A_ample_none_i1,A,ample,none,1,F,0.0,0.10382143997435297,0.7862495690905905,0.025187499999999908,0.0,0.0,288.61786707599197,10.601417033255029
A_ample_none_i1,A,ample,none,1,B,0.0,0.1087974265044613,1.2968117512276292,0.011962863782582938,0.0,0.0,291.9592063106256,10.601417033255029
A_ample_none_i2,A,ample,none,2,M,1.6670327719934368,4.048656287145436,2.5511577818851077,0.1585265197286392,0.0,0.0,294.6711740591352,9.773354193167858
A_ample_none_i2,A,ample,none,2,R,1.847699299404485,0.49440048566293143,3.271250894492832,0.6127493476851498,8.0,1.6740414820100284,286.390783239956,27.2
A_ample_none_i2,A,ample,none,2,F,0.0,0.10382143997435297,0.7862495690905905,0.025187499999999908,0.0,0.0,288.61786707599197,9.773354193167858
A_ample_none_i2,A,ample,none,2,B,0.21495736872012097,0.10470961177517803,0.7659224919599275,0.0073672113606861635,0.0,0.0,292.0616496480553,9.773354193167858
A_ample_prepare_i0,A,ample,prepare,0,M,3.3538277827359773,5.002797174264164,3.025305317852508,0.2547510091176094,0.0,0.0,292.33173757381996,11.13088765225491
A_ample_prepare_i0,A,ample,prepare,0,R,3.16814053876574,0.9247162566412263,4.666161214836644,0.5960975679369611,7.0,1.329984387433996,285.0809343952052,30.2
A_ample_prepare_i0,A,ample,prepare,0,F,1.1544896481720748,1.4874506612792644,5.193971383454953,1.1736736003854564,0.0,0.0,287.29059821937733,11.13088765225491
A_ample_prepare_i0,A,ample,prepare,0,B,0.07511829166233194,0.08775663667809419,1.0813709273866792,0.007574755971024108,0.0,0.0,290.83476413890025,11.13088765225491
A_ample_prepare_i1,A,ample,prepare,1,M,1.633705254877859,2.07038146221598,3.177621635424148,0.09035239746093641,0.0,0.0,295.28068642006974,11.0057157145099
A_ample_prepare_i1,A,ample,prepare,1,R,3.3728858329234064,2.01255718978948,5.3546185645548015,0.7241248248284018,8.0,1.4010042248001509,285.08684453893835,30.2
A_ample_prepare_i1,A,ample,prepare,1,F,1.1544896481720748,1.4874506612792644,5.193971383454953,1.1736736003854564,0.0,0.0,287.29059821937733,11.0057157145099
A_ample_prepare_i1,A,ample,prepare,1,B,0.303262998149021,0.21949739071827457,1.669685406885287,0.011962863782582938,0.0,0.0,290.7745423501488,11.0057157145099
A_ample_prepare_i2,A,ample,prepare,2,M,2.8980702452132627,4.544344778518422,2.704026436457012,0.1585265197286392,0.0,0.0,293.3307843646271,9.660435799189951
A_ample_prepare_i2,A,ample,prepare,2,R,3.2079560906466886,0.5581793354304702,3.518029977754267,0.3793216052347029,8.0,1.645254013844978,285.06579717066853,27.2
A_ample_prepare_i2,A,ample,prepare,2,F,1.1544896481720748,1.4874506612792644,5.193971383454953,1.1736736003854564,0.0,0.0,287.29059821937733,9.660435799189951
A_ample_prepare_i2,A,ample,prepare,2,B,0.23815074126439856,0.10540347501913294,0.919612106445831,0.0073672113606861635,0.0,0.0,290.9358086776306,9.660435799189951
A_collaborative_none_i0,A,collaborative,none,0,M,5.020305309934502,6.13644970992533,5.458853023619012,0.8610279844833004,5.0,0.6956561760819568,287.9032060702932,8.164424129616247
A_collaborative_none_i0,A,collaborative,none,0,R,6.102204540522296,5.170595264207818,17.21186920695547,4.917306819982289,38.0,7.840701420634995,282.5028079620527,21.2
A_collaborative_none_i0,A,collaborative,none,0,F,0.0,0.0,0.0,0.0,0.0,0.0,288.00000000000034,8.164424129616247
A_collaborative_none_i0,A,collaborative,none,0,B,1.0992347923311299,0.33986016699167615,3.407288551826739,0.006140323602705587,0.0,0.0,287.8948039856109,8.164424129616247
A_collaborative_none_i1,A,collaborative,none,1,M,2.2385808189170184,1.2588667090457992,2.2387528031653243,0.006249999999999967,0.0,0.0,290.7907520158434,8.210927233328942
A_collaborative_none_i1,A,collaborative,none,1,R,7.264190731513321,8.80482673053221,21.71919874020914,7.459404317933455,50.0,10.429223495882324,282.6515385418705,21.151875000000057
A_collaborative_none_i1,A,collaborative,none,1,F,0.0,0.0,0.0,0.0,0.0,0.0,288.00000000000034,8.210927233328942
A_collaborative_none_i1,A,collaborative,none,1,B,1.9531852628650175,0.7958395128230299,4.406995077296121,0.010617565247425402,0.0,0.0,287.5044040226046,8.210927233328942
A_collaborative_none_i2,A,collaborative,none,2,M,7.659682236931985,5.402650255038778,5.153479135855351,0.4421155670597743,0.0,0.0,285.5535663839867,13.217533591032304
A_collaborative_none_i2,A,collaborative,none,2,R,15.669601708475533,30.928868815176422,22.407115519532834,25.914033773935422,49.0,11.629048670567308,275.7817919550813,18.2
A_collaborative_none_i2,A,collaborative,none,2,F,0.0,0.0,0.0,0.0,0.0,0.0,288.00000000000034,13.217533591032304
A_collaborative_none_i2,A,collaborative,none,2,B,8.594319218690556,4.135290706406147,6.875154060480033,0.005713985776106778,0.0,0.0,279.57741448873315,13.217533591032304
A_collaborative_prepare_i0,A,collaborative,prepare,0,M,10.633668123898715,18.23845739706814,13.05655329888817,5.420857295023207,16.0,2.373246465565969,283.705851668139,7.041043051373447
A_collaborative_prepare_i0,A,collaborative,prepare,0,R,27.46425241607466,51.47844818263772,26.574326862109622,50.359085686022546,67.0,15.820636760102131,268.07017746942773,21.2
A_collaborative_prepare_i0,A,collaborative,prepare,0,F,1.2972109757490844,1.2654641879659725,4.565420960203316,1.1492918068214655,0.0,0.0,286.70278902425116,7.041043051373447
A_collaborative_prepare_i0,A,collaborative,prepare,0,B,15.239233697950969,7.142388177350808,8.971825057796789,0.006140323602705587,0.0,0.0,272.9560632926243,7.041043051373447
A_collaborative_prepare_i1,A,collaborative,prepare,1,M,3.6176791018579184,1.7411262674320906,2.8682624645075028,0.006249999999999967,0.0,0.0,289.21528834311033,8.150517129001297
A_collaborative_prepare_i1,A,collaborative,prepare,1,R,10.022981794787501,13.843784860390963,22.991293798376873,9.633512863204421,40.0,8.097034193125257,280.29369704100094,21.151875000000057
A_collaborative_prepare_i1,A,collaborative,prepare,1,F,1.2972109757490844,1.2654641879659725,4.565420960203316,1.1492918068214655,0.0,0.0,286.70278902425116,8.150517129001297
A_collaborative_prepare_i1,A,collaborative,prepare,1,B,3.7275863446757325,1.6924178761906714,5.609434514036374,0.010617565247425402,0.0,0.0,285.3230829533451,8.150517129001297
A_collaborative_prepare_i2,A,collaborative,prepare,2,M,8.370285416124705,6.182798136831386,5.222738532213782,0.4421155670597743,0.0,0.0,284.8149328022886,12.234497328234067
A_collaborative_prepare_i2,A,collaborative,prepare,2,R,22.454925464345845,33.35462748683052,24.050058953288936,36.668146697711016,56.0,13.383798337815316,267.81624932703886,18.2
A_collaborative_prepare_i2,A,collaborative,prepare,2,F,1.2972109757490844,1.2654641879659725,4.565420960203316,1.1492918068214655,0.0,0.0,286.70278902425116,12.234497328234067
A_collaborative_prepare_i2,A,collaborative,prepare,2,B,10.890820206590902,6.64230661160205,8.701516060454994,0.005713985776106778,0.0,0.0,277.2442445539022,12.234497328234067
A_short_window_none_i0,A,short_window,none,0,M,5.3813571793865425,5.188304223836374,4.211627676924748,0.6432958984374961,0.0,0.0,286.7216000297564,13.001562500000073
A_short_window_none_i0,A,short_window,none,0,R,4.158125616463846,2.1619036648438947,4.146605227418981,0.7783668749999876,0.0,0.0,284.164878471556,13.001562500000073
A_short_window_none_i0,A,short_window,none,0,F,0.0,0.0,0.0,0.0,0.0,0.0,288.00000000000034,13.001562500000073
A_short_window_none_i0,A,short_window,none,0,B,1.270868057155164,0.22279670130753235,1.5516680665416538,0.014562844756416931,0.0,0.0,287.9711006349562,13.001562500000073
A_short_window_none_i1,A,short_window,none,1,M,1.8223058842397077,0.6442840957242844,1.3233625359749723,0.0,0.0,0.0,289.6654218412713,12.868593750000098
A_short_window_none_i1,A,short_window,none,1,R,4.2953904060155566,2.6312665085367306,4.496525093074805,0.9369124999999822,0.0,0.0,284.17004722377567,12.868593750000098
A_short_window_none_i1,A,short_window,none,1,F,0.0,0.0,0.0,0.0,0.0,0.0,288.00000000000034,12.868593750000098
A_short_window_none_i1,A,short_window,none,1,B,1.3290623434266933,0.2657046211822168,1.6918468548946597,0.01842156096333897,0.0,0.0,287.9535484200829,12.868593750000098
A_short_window_none_i2,A,short_window,none,2,M,4.5108986929065935,4.631111389585431,3.8290684154447434,0.5074466877391932,0.0,0.0,287.7262790802724,10.205156250000012
A_short_window_none_i2,A,short_window,none,2,R,3.9557765451932503,1.0995732122814663,3.180403731558278,0.3939015624999913,0.0,0.0,284.1494129241739,10.2
A_short_window_none_i2,A,short_window,none,2,F,0.0,0.0,0.0,0.0,0.0,0.0,288.00000000000034,10.205156250000012
A_short_window_none_i2,A,short_window,none,2,B,1.3171164398492547,0.10498172977034334,1.1718326051382342,0.014176111252910885,0.0,0.0,288.1728867885694,10.205156250000012
A_short_window_prepare_i0,A,short_window,prepare,0,M,6.809913644555458,5.672537843162682,4.368723835654708,0.6432958984374961,0.0,0.0,285.41595367088576,13.001562500000073
A_short_window_prepare_i0,A,short_window,prepare,0,R,5.616690455505882,3.0094840132283536,4.7660224311511605,0.7783668749999876,0.0,0.0,282.8699190459182,13.001562500000073
A_short_window_prepare_i0,A,short_window,prepare,0,F,1.2972109757490844,1.2654641879659725,4.565420960203316,1.1492918068214655,0.0,0.0,286.70278902425116,13.001562500000073
A_short_window_prepare_i0,A,short_window,prepare,0,B,2.4913768327091295,0.49506352621770505,1.99794149535674,0.014562844756416931,0.0,0.0,286.7074134830431,13.001562500000073
A_short_window_prepare_i1,A,short_window,prepare,1,M,3.074990047542112,0.9719332120119891,1.7269094705972197,0.0,0.0,0.0,288.3597754824011,12.868593750000098
A_short_window_prepare_i1,A,short_window,prepare,1,R,5.749135609362898,3.5802216032298393,5.10332945643269,0.9369124999999822,0.0,0.0,282.8750877981373,12.868593750000098
A_short_window_prepare_i1,A,short_window,prepare,1,F,1.2972109757490844,1.2654641879659725,4.565420960203316,1.1492918068214655,0.0,0.0,286.70278902425116,12.868593750000098
A_short_window_prepare_i1,A,short_window,prepare,1,B,2.5678420275642986,0.5672385665963682,2.1689597895241053,0.01842156096333897,0.0,0.0,286.6835791150458,12.868593750000098
A_short_window_prepare_i2,A,short_window,prepare,2,M,5.934994182810733,5.094521240857672,3.987052349522847,0.5074466877391932,0.0,0.0,286.4206327214018,10.205156250000012
A_short_window_prepare_i2,A,short_window,prepare,2,R,5.428247030934446,1.6811251091045791,4.02937928598946,0.3939015624999913,0.0,0.0,282.85445349853643,10.2
A_short_window_prepare_i2,A,short_window,prepare,2,F,1.2972109757490844,1.2654641879659725,4.565420960203316,1.1492918068214655,0.0,0.0,286.70278902425116,10.205156250000012
A_short_window_prepare_i2,A,short_window,prepare,2,B,2.3861642475074443,0.2532956853533625,1.6003854411510416,0.014176111252910885,0.0,0.0,286.94781541899494,10.205156250000012
B_ample_none_i0,B,ample,none,0,M,2.112871456303976,5.370889750467941,4.903357567361205,1.462974058300468,0.0,0.0,292.73932169059896,10.767963855902945
B_ample_none_i0,B,ample,none,0,R,3.548515631208638,0.6547858052929437,2.3037491196845328,0.031856749999999046,0.0,0.0,284.60754504030706,30.2
B_ample_none_i0,B,ample,none,0,F,0.0,0.10382143997435297,0.7862495690905905,0.025187499999999908,0.0,0.0,288.61786707599197,10.767963855902945
B_ample_none_i0,B,ample,none,0,B,0.10485521552814848,0.1340979364596007,1.088531213844172,0.007721330492195478,0.0,0.0,290.43897173856755,10.767963855902945
B_ample_none_i1,B,ample,none,1,M,0.5751444222222696,1.7584810673670117,4.782144498921806,0.5358444545731018,0.0,0.0,295.7229252757086,10.746167682202906
B_ample_none_i1,B,ample,none,1,R,4.168138639776569,2.617419817497063,6.242661302223467,1.445661747059938,9.0,1.7897309712781744,284.61795107497903,30.2
B_ample_none_i1,B,ample,none,1,F,0.0,0.10382143997435297,0.7862495690905905,0.025187499999999908,0.0,0.0,288.61786707599197,10.746167682202906
B_ample_none_i1,B,ample,none,1,B,0.728851065958572,0.40316742397084593,2.004020116563187,0.012090571663026777,0.0,0.0,290.28726973016217,10.746167682202906
B_ample_none_i2,B,ample,none,2,M,1.3869722007381227,5.0816981918852155,4.837901747270508,1.446770910573856,0.0,0.0,293.76887535345276,9.789490217909584
B_ample_none_i2,B,ample,none,2,R,3.5724399261088036,2.0715153364984906,6.194300371360641,1.5096467451887687,12.0,2.303728372019,284.59289410950566,27.2
B_ample_none_i2,B,ample,none,2,F,0.0,0.10382143997435297,0.7862495690905905,0.025187499999999908,0.0,0.0,288.61786707599197,9.789490217909584
B_ample_none_i2,B,ample,none,2,B,0.3643371667068549,0.19001375658508882,1.316625250876978,0.0073672113606861635,0.0,0.0,290.504276313791,9.789490217909584
B_ample_prepare_i0,B,ample,prepare,0,M,3.32926108038271,5.740820833730605,5.135678737719377,1.462974058300468,0.0,0.0,291.40312806312465,11.018004527082919
B_ample_prepare_i0,B,ample,prepare,0,R,4.976935921861981,1.9959456647277674,3.9362766311352044,0.031856749999999046,0.0,0.0,283.28259098376174,30.2
B_ample_prepare_i0,B,ample,prepare,0,F,1.1544896481720748,1.4874506612792644,5.193971383454953,1.1736736003854564,0.0,0.0,287.29059821937733,11.018004527082919
B_ample_prepare_i0,B,ample,prepare,0,B,1.0276158552308141,0.3381312792992088,1.7020207650460637,0.007721330492195478,0.0,0.0,289.2006097240252,11.018004527082919
B_ample_prepare_i1,B,ample,prepare,1,M,0.8942583585648595,1.8629238490462166,4.929035975145481,0.5358444545731018,0.0,0.0,294.40216229075514,11.476804738928319
B_ample_prepare_i1,B,ample,prepare,1,R,6.075728725520321,5.787721602755853,8.197660303251464,2.228767272674503,7.0,1.2677868130396763,283.295345817536,30.2
B_ample_prepare_i1,B,ample,prepare,1,F,1.1544896481720748,1.4874506612792644,5.193971383454953,1.1736736003854564,0.0,0.0,287.29059821937733,11.476804738928319
B_ample_prepare_i1,B,ample,prepare,1,B,2.1385644947653315,1.043814599306019,2.874074486723475,0.012090571663026777,0.0,0.0,288.8399885516058,11.476804738928319
B_ample_prepare_i2,B,ample,prepare,2,M,2.598305146880982,5.380950081875069,5.0678131400384805,1.446770910573856,0.0,0.0,292.4180092967369,9.863495602131604
B_ample_prepare_i2,B,ample,prepare,2,R,4.949688713461199,2.394044813370645,6.2583266979751215,0.7583548144886623,12.0,2.0844247816840853,283.2674330211357,27.2
B_ample_prepare_i2,B,ample,prepare,2,F,1.1544896481720748,1.4874506612792644,5.193971383454953,1.1736736003854564,0.0,0.0,287.29059821937733,9.863495602131604
B_ample_prepare_i2,B,ample,prepare,2,B,0.9409639242919081,0.2746624806793335,1.5033066249117892,0.0073672113606861635,0.0,0.0,289.3328627653724,9.863495602131604
B_collaborative_none_i0,B,collaborative,none,0,M,6.283349741581221,6.467057691766336,5.236318651703719,1.315382791721019,0.0,0.0,286.5970999177988,8.769986362439806
B_collaborative_none_i0,B,collaborative,none,0,R,8.186818722266459,2.474132968039488,3.9167559362907847,0.11732617429355253,4.0,0.6337476944120735,280.0050216390407,21.2
B_collaborative_none_i0,B,collaborative,none,0,F,0.0,0.0,0.0,0.0,0.0,0.0,288.00000000000034,8.769986362439806
B_collaborative_none_i0,B,collaborative,none,0,B,3.5792963864442107,0.6114709915777411,1.988396244809578,0.006140323602705587,0.0,0.0,285.53506983156365,8.769986362439806
B_collaborative_none_i1,B,collaborative,none,1,M,2.232750614017851,1.4897969126682242,4.07652243518789,0.4202934385852097,0.0,0.0,289.5857467591192,9.48486705702113
B_collaborative_none_i1,B,collaborative,none,1,R,8.930889321560507,5.647217526067746,7.717621018337768,1.9515916563974458,9.0,1.8791258994640487,280.0189226710439,21.141881519292777
B_collaborative_none_i1,B,collaborative,none,1,F,0.0,0.0,0.0,0.0,0.0,0.0,288.00000000000034,9.48486705702113
B_collaborative_none_i1,B,collaborative,none,1,B,4.550126857406465,1.3383007323620093,2.929077254788984,0.010617565247425402,0.0,0.0,285.1664321716079,9.48486705702113
B_collaborative_none_i2,B,collaborative,none,2,M,5.41048953901168,5.91820788394388,5.02829874136678,1.2945257047316585,0.0,0.0,287.41817171887294,8.24105255957225
B_collaborative_none_i2,B,collaborative,none,2,R,8.502940354271054,2.1684232052067647,12.785596338794619,1.1098504072299655,37.0,4.185851646125209,279.69518335887943,18.2
B_collaborative_none_i2,B,collaborative,none,2,F,0.0,0.0,0.0,0.0,0.0,0.0,288.00000000000034,8.24105255957225
B_collaborative_none_i2,B,collaborative,none,2,B,3.3303060477515976,0.4067363790590292,2.177749145958764,0.005713985776106778,0.0,0.0,285.48739786752304,8.24105255957225
B_collaborative_prepare_i0,B,collaborative,prepare,0,M,7.6796858155476135,9.259206320894032,8.109811112901646,2.7970648023374527,11.0,1.7698400185986845,285.34651807837975,8.058221181345214
B_collaborative_prepare_i0,B,collaborative,prepare,0,R,9.58387863432462,4.478801276975194,4.936710862862491,0.0655974866630027,4.0,0.6107656835443308,278.7100656245091,21.2
B_collaborative_prepare_i0,B,collaborative,prepare,0,F,1.2972109757490844,1.2654641879659725,4.565420960203316,1.1492918068214655,0.0,0.0,286.70278902425116,8.058221181345214
B_collaborative_prepare_i0,B,collaborative,prepare,0,B,4.951616640432971,1.1804318656803015,2.7566111074223185,0.006140323602705587,0.0,0.0,284.20146457018615,8.058221181345214
B_collaborative_prepare_i1,B,collaborative,prepare,1,M,3.4029034634887534,1.8161626229672145,4.351444376262104,0.4202934385852097,0.0,0.0,288.29606289944354,9.298259509390572
B_collaborative_prepare_i1,B,collaborative,prepare,1,R,10.78308047318722,9.722850350788118,9.394527845538232,2.7756543522962738,7.0,1.3719743072049932,278.72669117274046,21.141881519292777
B_collaborative_prepare_i1,B,collaborative,prepare,1,F,1.2972109757490844,1.2654641879659725,4.565420960203316,1.1492918068214655,0.0,0.0,286.70278902425116,9.298259509390572
B_collaborative_prepare_i1,B,collaborative,prepare,1,B,6.530233786571007,2.577018365852641,3.8189333426300918,0.010617565247425402,0.0,0.0,283.44346878102357,9.298259509390572
B_collaborative_prepare_i2,B,collaborative,prepare,2,M,6.871255449396576,6.390173289408743,5.17106407782954,1.2945257047316585,0.0,0.0,285.9547388551447,15.988214262354756
B_collaborative_prepare_i2,B,collaborative,prepare,2,R,10.365808320511936,5.150566216552707,12.872353496039082,2.0628719528022392,24.0,4.786605463225878,278.2094606153481,18.2
B_collaborative_prepare_i2,B,collaborative,prepare,2,F,1.2972109757490844,1.2654641879659725,4.565420960203316,1.1492918068214655,0.0,0.0,286.70278902425116,15.988214262354756
B_collaborative_prepare_i2,B,collaborative,prepare,2,B,4.727269128522056,0.9092972975226007,3.425489867323137,0.005713985776106778,0.0,0.0,283.9252214045606,15.988214262354756
B_short_window_none_i0,B,short_window,none,0,M,6.799507804951981,5.647605683051873,4.8422147642957984,1.0626521830091376,0.0,0.0,285.09512066000207,12.980602077461892
B_short_window_none_i0,B,short_window,none,0,R,7.3931130092230655,2.74801582051357,3.05293120615968,0.05804812499999814,0.0,0.0,281.0171625571521,12.980602077461892
B_short_window_none_i0,B,short_window,none,0,F,0.0,0.0,0.0,0.0,0.0,0.0,288.00000000000034,12.980602077461892
B_short_window_none_i0,B,short_window,none,0,B,3.8535961560131042,0.6766148928414377,2.201159223590136,0.014562844756416931,0.0,0.0,285.007470893631,12.980602077461892
B_short_window_none_i1,B,short_window,none,1,M,2.1698855742970773,0.9005078346380277,3.2133369878926787,0.2842186249999999,0.0,0.0,288.04971615247734,12.844998959821776
B_short_window_none_i1,B,short_window,none,1,R,7.5333344566187765,3.2667715691824344,3.3685012518660638,0.1267709999999945,0.0,0.0,281.02229000041757,12.844998959821776
B_short_window_none_i1,B,short_window,none,1,F,0.0,0.0,0.0,0.0,0.0,0.0,288.00000000000034,12.844998959821776
B_short_window_none_i1,B,short_window,none,1,B,3.9384172635579993,0.7478306153825591,2.3457914624766367,0.01842156096333897,0.0,0.0,284.9829492683491,12.844998959821776
B_short_window_none_i2,B,short_window,none,2,M,5.821054238450506,5.146944177139375,4.763178260500162,1.0450267732151115,0.0,0.0,286.09824666560723,10.204875000000012
B_short_window_none_i2,B,short_window,none,2,R,7.164410325943573,1.720623164369935,2.704940262430427,1.7347234759768072e-19,0.0,0.0,281.0018516227411,10.2
B_short_window_none_i2,B,short_window,none,2,F,0.0,0.0,0.0,0.0,0.0,0.0,288.00000000000034,10.204875000000012
B_short_window_none_i2,B,short_window,none,2,B,3.5175427158732777,0.43843462719369003,1.901025646093116,0.014317983593016493,0.0,0.0,285.263057037064,10.204875000000012
B_short_window_prepare_i0,B,short_window,prepare,0,M,8.222371660025956,6.1428971983712675,5.003991350787087,1.0626521830091376,0.0,0.0,283.7894746888653,12.980602077461892
B_short_window_prepare_i0,B,short_window,prepare,0,R,8.790214902821386,4.749251831642428,4.303170605915006,0.05806673218613559,0.0,0.0,279.72220316694705,12.980602077461892
B_short_window_prepare_i0,B,short_window,prepare,0,F,1.2972109757490844,1.2654641879659725,4.565420960203316,1.1492918068214655,0.0,0.0,286.70278902425116,12.980602077461892
B_short_window_prepare_i0,B,short_window,prepare,0,B,5.25884301779032,1.298938214429834,3.004410361483948,0.014562844756416931,0.0,0.0,283.66112596611407,12.980602077461892
B_short_window_prepare_i1,B,short_window,prepare,1,M,3.3291692222299876,1.0739505369979894,3.3909004811072165,0.2842186249999999,0.0,0.0,286.7440748335559,12.844998959821776
B_short_window_prepare_i1,B,short_window,prepare,1,R,8.930201800618034,5.335373439741024,4.470066577086272,0.1270129269489627,0.0,0.0,279.72733104981586,12.844998959821776
B_short_window_prepare_i1,B,short_window,prepare,1,F,1.2972109757490844,1.2654641879659725,4.565420960203316,1.1492918068214655,0.0,0.0,286.70278902425116,12.844998959821776
B_short_window_prepare_i1,B,short_window,prepare,1,B,5.3476359370651485,1.3942090881514198,3.1507566291525357,0.01842156096333897,0.0,0.0,283.63275791839936,12.844998959821776
B_short_window_prepare_i2,B,short_window,prepare,2,M,7.240332881653484,5.600551120722879,4.923975253066093,1.0450267732151115,0.0,0.0,284.7926003067368,10.204875000000012
B_short_window_prepare_i2,B,short_window,prepare,2,R,8.562071544066107,3.564312993232222,4.261775228632964,1.7347234759768072e-19,0.0,0.0,279.7068921971032,10.2
B_short_window_prepare_i2,B,short_window,prepare,2,F,1.2972109757490844,1.2654641879659725,4.565420960203316,1.1492918068214655,0.0,0.0,286.70278902425116,10.204875000000012
B_short_window_prepare_i2,B,short_window,prepare,2,B,4.879671916891104,0.9211512846905868,2.6646440887328917,0.014317983593016493,0.0,0.0,283.94352895143356,10.204875000000012
C_ample_none_i0,C,ample,none,0,M,2.094739852574741,5.381863594678115,4.902838709019693,1.463224665991415,0.0,0.0,292.7378578914738,10.788101251678551
C_ample_none_i0,C,ample,none,0,R,3.5488127448175257,0.6196934617124608,2.238846367204147,0.031860370596491966,0.0,0.0,284.60748141408044,30.2
C_ample_none_i0,C,ample,none,0,F,0.0,0.10382143997435297,0.7862495690905905,0.025187499999999908,0.0,0.0,288.61786707599197,10.788101251678551
C_ample_none_i0,C,ample,none,0,B,0.10108462675364775,0.13301847489577565,1.079006293346996,0.007721330492195478,0.0,0.0,290.44075662397347,10.788101251678551
C_ample_none_i1,C,ample,none,1,M,0.511172514159105,1.7139238983008211,4.593352796673598,0.5377168294880108,0.0,0.0,295.72520655880055,10.655565019032661
C_ample_none_i1,C,ample,none,1,R,4.171505162798311,2.5873599434604695,6.183190547409327,1.4543554223161603,9.0,1.7840376204416497,284.6183790561801,30.2
C_ample_none_i1,C,ample,none,1,F,0.0,0.10382143997435297,0.7862495690905905,0.025187499999999908,0.0,0.0,288.61786707599197,10.655565019032661
C_ample_none_i1,C,ample,none,1,B,0.7266189402712128,0.4020999247950517,2.0032785704298566,0.012090571663026777,0.0,0.0,290.28841480251396,10.655565019032661
C_ample_none_i2,C,ample,none,2,M,1.3537503514774374,5.0988905697464055,4.817773472855148,1.4471901226690587,0.0,0.0,293.7687467626904,9.740961668492542
C_ample_none_i2,C,ample,none,2,R,3.5625822404940806,2.013709405384113,6.102989685781728,1.5262408689453573,12.0,2.314817907126109,284.5928636357402,27.2
C_ample_none_i2,C,ample,none,2,F,0.0,0.10382143997435297,0.7862495690905905,0.025187499999999908,0.0,0.0,288.61786707599197,9.740961668492542
C_ample_none_i2,C,ample,none,2,B,0.3493009098288582,0.18573709671837998,1.2957063667499922,0.0073672113606861635,0.0,0.0,290.5071802676288,9.740961668492542
C_ample_prepare_i0,C,ample,prepare,0,M,3.305972709568161,5.743289985740914,5.12563168269738,1.463224665991415,0.0,0.0,291.40156505766817,11.06246283301942
C_ample_prepare_i0,C,ample,prepare,0,R,4.971529859784536,1.8946791149623574,3.8357294802136748,0.031860370596491966,0.0,0.0,283.28252209557627,30.2
C_ample_prepare_i0,C,ample,prepare,0,F,1.1544896481720748,1.4874506612792644,5.193971383454953,1.1736736003854564,0.0,0.0,287.29059821937733,11.06246283301942
C_ample_prepare_i0,C,ample,prepare,0,B,1.0094456827470515,0.328477326814501,1.6704663019356742,0.007721330492195478,0.0,0.0,289.20526878540227,11.06246283301942
C_ample_prepare_i1,C,ample,prepare,1,M,0.7608221408021065,1.784170782235716,4.67403218140744,0.5377168294880108,0.0,0.0,294.4090245370653,11.33870034153453
C_ample_prepare_i1,C,ample,prepare,1,R,6.233873663977282,6.093303758648542,8.587142654677063,2.509334057079269,8.0,1.485965603215302,283.29706843348197,30.2
C_ample_prepare_i1,C,ample,prepare,1,F,1.1544896481720748,1.4874506612792644,5.193971383454953,1.1736736003854564,0.0,0.0,287.29059821937733,11.33870034153453
C_ample_prepare_i1,C,ample,prepare,1,B,2.2553459423941877,1.1155919693608836,2.95069012700671,0.012090571663026777,0.0,0.0,288.78937894587864,11.33870034153453
C_ample_prepare_i2,C,ample,prepare,2,M,2.5625202442085904,5.390873601303047,5.042730959576826,1.4471901226690587,0.0,0.0,292.41772081393714,9.813012009070402
C_ample_prepare_i2,C,ample,prepare,2,R,4.942695597130678,2.3307601198268992,6.204983737696685,0.7726663717162635,12.0,2.0957379802690035,283.267394522491,27.2
C_ample_prepare_i2,C,ample,prepare,2,F,1.1544896481720748,1.4874506612792644,5.193971383454953,1.1736736003854564,0.0,0.0,287.29059821937733,9.813012009070402
C_ample_prepare_i2,C,ample,prepare,2,B,0.9237320831201806,0.2687717678117746,1.4771306086791678,0.0073672113606861635,0.0,0.0,289.33619626722685,9.813012009070402
C_collaborative_none_i0,C,collaborative,none,0,M,6.249049212053372,6.300825625761064,5.174209659875768,1.314878683910419,0.0,0.0,286.56967279128475,8.780364364821263
C_collaborative_none_i0,C,collaborative,none,0,R,8.15959834288419,1.6224116347706241,3.1347356000020703,0.0714223850185031,3.0,0.5045695521537602,280.0035523965225,21.2
C_collaborative_none_i0,C,collaborative,none,0,F,0.0,0.0,0.0,0.0,0.0,0.0,288.00000000000034,8.780364364821263
C_collaborative_none_i0,C,collaborative,none,0,B,3.3758104576430226,0.44327161987482827,1.6194636055227594,0.006140323602705587,0.0,0.0,285.5980416677828,8.780364364821263
C_collaborative_none_i1,C,collaborative,none,1,M,2.334434857520925,1.4761984290390153,4.021246164108763,0.42071035290090597,0.0,0.0,289.5506178685205,9.517230119260955
C_collaborative_none_i1,C,collaborative,none,1,R,8.70272354353932,4.531681743656239,7.131550939242882,1.758761935413158,10.0,1.9838530581070857,280.01890083395585,21.14123564864148
C_collaborative_none_i1,C,collaborative,none,1,F,0.0,0.0,0.0,0.0,0.0,0.0,288.00000000000034,9.517230119260955
C_collaborative_none_i1,C,collaborative,none,1,B,4.178532588210754,1.0505491355996535,2.698135273961734,0.010617565247425402,0.0,0.0,285.3051976015909,9.517230119260955
C_collaborative_none_i2,C,collaborative,none,2,M,5.389324035343641,5.802711054405257,4.983170704988762,1.2939583938715173,0.0,0.0,287.4101548177057,8.252527241100335
C_collaborative_none_i2,C,collaborative,none,2,R,8.480392908799757,1.5579516516852863,11.54087956509687,1.0296171278018589,35.0,3.1899899952553157,279.68865812839914,18.2
C_collaborative_none_i2,C,collaborative,none,2,F,0.0,0.0,0.0,0.0,0.0,0.0,288.00000000000034,8.252527241100335
C_collaborative_none_i2,C,collaborative,none,2,B,3.123826085817075,0.31538527919903575,1.8648774162643165,0.005713985776106778,0.0,0.0,285.54289729396993,8.252527241100335
C_collaborative_prepare_i0,C,collaborative,prepare,0,M,7.575731107663972,9.241177478671583,8.024424072470635,2.9396136259393604,11.0,1.7840436696231883,285.32248766312097,8.116464553410946
C_collaborative_prepare_i0,C,collaborative,prepare,0,R,9.51511992594176,2.9306835361446075,3.951766134106858,0.03497142292641954,3.0,0.4789368497525598,278.70839081441363,21.2
C_collaborative_prepare_i0,C,collaborative,prepare,0,F,1.2972109757490844,1.2654641879659725,4.565420960203316,1.1492918068214655,0.0,0.0,286.70278902425116,8.116464553410946
C_collaborative_prepare_i0,C,collaborative,prepare,0,B,4.674564334322584,0.8319666526399074,2.279503469435194,0.006140323602705587,0.0,0.0,284.3104658786216,8.116464553410946
C_collaborative_prepare_i1,C,collaborative,prepare,1,M,3.2698344664105625,1.6200782175501889,4.0322549694719,0.42071035290090597,0.0,0.0,288.2465522239137,9.462906048181377
C_collaborative_prepare_i1,C,collaborative,prepare,1,R,9.956031412963664,5.743423342201834,7.681416431991277,1.633596488922601,9.0,1.871602238964029,278.7206291204841,21.14123564864148
C_collaborative_prepare_i1,C,collaborative,prepare,1,F,1.2972109757490844,1.2654641879659725,4.565420960203316,1.1492918068214655,0.0,0.0,286.70278902425116,9.462906048181377
C_collaborative_prepare_i1,C,collaborative,prepare,1,B,5.421759077192737,1.5332547331594573,3.051191058936001,0.010617565247425402,0.0,0.0,284.0003507846687,9.462906048181377
C_collaborative_prepare_i2,C,collaborative,prepare,2,M,6.806182834160985,6.23775975645161,5.1180996938895245,1.2939583938715173,0.0,0.0,286.00089113058135,15.857376167759195
C_collaborative_prepare_i2,C,collaborative,prepare,2,R,10.11343036118211,3.420987523781378,11.601366216074988,1.6104756867313466,24.0,4.284311709955127,278.268484740944,18.2
C_collaborative_prepare_i2,C,collaborative,prepare,2,F,1.2972109757490844,1.2654641879659725,4.565420960203316,1.1492918068214655,0.0,0.0,286.70278902425116,15.857376167759195
C_collaborative_prepare_i2,C,collaborative,prepare,2,B,4.422706937034327,0.6443458525567529,2.785843877312274,0.005713985776106778,0.0,0.0,284.1159654489363,15.857376167759195
C_short_window_none_i0,C,short_window,none,0,M,6.767021333779949,5.52763088796384,4.793733464102992,1.0624842976627098,0.0,0.0,285.07603256644654,12.978129568831218
C_short_window_none_i0,C,short_window,none,0,R,7.3766803603072395,2.1126141594298367,2.7503676373423027,0.057656041563476236,0.0,0.0,281.01625809699726,12.978129568831218
C_short_window_none_i0,C,short_window,none,0,F,0.0,0.0,0.0,0.0,0.0,0.0,288.00000000000034,12.978129568831218
C_short_window_none_i0,C,short_window,none,0,B,3.734563703216963,0.537629733469872,1.895866295698937,0.014562844756416931,0.0,0.0,285.05086492866445,12.978129568831218
C_short_window_none_i1,C,short_window,none,1,M,2.2351232274313606,0.9038762093137103,3.2060645229399065,0.28434353672751883,0.0,0.0,288.0303654952911,12.841181433611563
C_short_window_none_i1,C,short_window,none,1,R,7.516939168018322,2.533897553900501,3.1025592884181856,0.12475974777721749,0.0,0.0,281.0212851901629,12.841181433611563
C_short_window_none_i1,C,short_window,none,1,F,0.0,0.0,0.0,0.0,0.0,0.0,288.00000000000034,12.841181433611563
C_short_window_none_i1,C,short_window,none,1,B,3.8117439933021995,0.5902143491605611,2.01985202520633,0.01842156096333897,0.0,0.0,285.03085010049233,12.841181433611563
C_short_window_none_i2,C,short_window,none,2,M,5.797142115790918,5.059405125592441,4.726226075707664,1.0448158179526223,0.0,0.0,286.0820869520645,10.204875000000012
C_short_window_none_i2,C,short_window,none,2,R,7.14891784811976,1.275390757246682,2.3293830903101957,0.0,0.0,0.0,281.001124969063,10.2
C_short_window_none_i2,C,short_window,none,2,F,0.0,0.0,0.0,0.0,0.0,0.0,288.00000000000034,10.204875000000012
C_short_window_none_i2,C,short_window,none,2,B,3.3885950119656227,0.36146903925417745,1.673633116468842,0.014317983593016493,0.0,0.0,285.29528396718774,10.204875000000012
C_short_window_prepare_i0,C,short_window,prepare,0,M,8.179613365542652,5.990518639918526,4.950297702685314,1.0624842976627098,0.0,0.0,283.7694884578723,12.978129568831218
C_short_window_prepare_i0,C,short_window,prepare,0,R,8.74247795785806,3.572293431380253,3.716425455118957,0.057656041563476236,0.0,0.0,279.7211976580851,12.978129568831218
C_short_window_prepare_i0,C,short_window,prepare,0,F,1.2972109757490844,1.2654641879659725,4.565420960203316,1.1492918068214655,0.0,0.0,286.70278902425116,12.978129568831218
C_short_window_prepare_i0,C,short_window,prepare,0,B,5.0824531319162904,1.013623543191621,2.622108289282153,0.014562844756416931,0.0,0.0,283.7373479696368,12.978129568831218
C_short_window_prepare_i1,C,short_window,prepare,1,M,3.3214724851216464,1.036716740533867,3.2769604804811636,0.28434353672751883,0.0,0.0,286.72377219004414,12.841181433611563
C_short_window_prepare_i1,C,short_window,prepare,1,R,8.880952380314769,4.028338030331679,3.923752228574472,0.12475974777721749,0.0,0.0,279.72621513731497,12.841181433611563
C_short_window_prepare_i1,C,short_window,prepare,1,F,1.2972109757490844,1.2654641879659725,4.565420960203316,1.1492918068214655,0.0,0.0,286.70278902425116,12.841181433611563
C_short_window_prepare_i1,C,short_window,prepare,1,B,5.15885449622005,1.078413317276744,2.7447608041610154,0.01842156096333897,0.0,0.0,283.71610838339313,12.841181433611563
C_short_window_prepare_i2,C,short_window,prepare,2,M,7.206716381584241,5.485092330156497,4.88144856931954,1.0448158179526223,0.0,0.0,284.775633080283,10.204875000000012
C_short_window_prepare_i2,C,short_window,prepare,2,R,8.518198438271321,2.637304200454681,3.6666311784925383,0.0,0.0,0.0,279.70608207962573,10.2
C_short_window_prepare_i2,C,short_window,prepare,2,F,1.2972109757490844,1.2654641879659725,4.565420960203316,1.1492918068214655,0.0,0.0,286.70278902425116,10.204875000000012
C_short_window_prepare_i2,C,short_window,prepare,2,B,4.706793744328705,0.732872604668643,2.3414594550501313,0.014317983593016493,0.0,0.0,284.00337995740057,10.204875000000012
D_ample_none_i0,D,ample,none,0,M,2.097953672032724,5.379116796073805,4.901857929173551,1.463064347474389,0.0,0.0,292.7378870917848,10.79244694225785
D_ample_none_i0,D,ample,none,0,R,3.5487961487832513,0.6212279013384027,2.2420203738262043,0.031860315301337726,0.0,0.0,284.60748465663164,30.2
D_ample_none_i0,D,ample,none,0,F,0.0,0.10382143997435297,0.7862495690905905,0.025187499999999908,0.0,0.0,288.61786707599197,10.79244694225785
D_ample_none_i0,D,ample,none,0,B,0.10122411575318327,0.1330462027239782,1.0793032694585003,0.007721330492195478,0.0,0.0,290.44067742394907,10.79244694225785
D_ample_none_i1,D,ample,none,1,M,0.5113378596598316,1.7133836316793902,4.592968041078231,0.5376967636750498,0.0,0.0,295.72519895426893,10.65641287032916
D_ample_none_i1,D,ample,none,1,R,4.171403918247233,2.5867777140797408,6.183007829153292,1.4540852484186104,9.0,1.784116588870649,284.61837772171594,30.2
D_ample_none_i1,D,ample,none,1,F,0.0,0.10382143997435297,0.7862495690905905,0.025187499999999908,0.0,0.0,288.61786707599197,10.65641287032916
D_ample_none_i1,D,ample,none,1,B,0.7264576179057571,0.401983852813271,2.0030536179821934,0.012090571663026777,0.0,0.0,290.28845855676633,10.65641287032916
D_ample_none_i2,D,ample,none,2,M,1.3569508156183039,5.096695720683858,4.8249692496907395,1.4470655819751208,0.0,0.0,293.7687445751006,9.745287506701356
D_ample_none_i2,D,ample,none,2,R,3.563316744259806,2.018122378649905,6.110204898824979,1.525651988466588,12.0,2.3140868887310644,284.5928659017601,27.2
D_ample_none_i2,D,ample,none,2,F,0.0,0.10382143997435297,0.7862495690905905,0.025187499999999908,0.0,0.0,288.61786707599197,9.745287506701356
D_ample_none_i2,D,ample,none,2,B,0.3504511415322667,0.18605664270720124,1.297311724453322,0.0073672113606861635,0.0,0.0,290.5069619301621,9.745287506701356
D_ample_prepare_i0,D,ample,prepare,0,M,3.3093109655331663,5.741350201379096,5.123979863291464,1.463064347474389,0.0,0.0,291.4015855924887,11.066624365343312
D_ample_prepare_i0,D,ample,prepare,0,R,4.971711527281569,1.8979425398884247,3.83861217669786,0.031860315301337726,0.0,0.0,283.2825246221769,30.2
D_ample_prepare_i0,D,ample,prepare,0,F,1.1544896481720748,1.4874506612792644,5.193971383454953,1.1736736003854564,0.0,0.0,287.29059821937733,11.066624365343312
D_ample_prepare_i0,D,ample,prepare,0,B,1.0100395607287151,0.3287681735247606,1.6715122465114356,0.007721330492195478,0.0,0.0,289.20511024516725,11.066624365343312
D_ample_prepare_i1,D,ample,prepare,1,M,0.7609231379489471,1.7830948319240745,4.670936959978163,0.5376967636750498,0.0,0.0,294.40896477351146,11.337949336055356
D_ample_prepare_i1,D,ample,prepare,1,R,6.231655398496313,6.0859557032422975,8.580988278101508,2.5060207632053766,8.0,1.4859626831176214,283.29705199581076,30.2
D_ample_prepare_i1,D,ample,prepare,1,F,1.1544896481720748,1.4874506612792644,5.193971383454953,1.1736736003854564,0.0,0.0,287.29059821937733,11.337949336055356
D_ample_prepare_i1,D,ample,prepare,1,B,2.2533712170028686,1.1141349132213885,2.949100747749186,0.012090571663026777,0.0,0.0,288.7902265515856,11.337949336055356
D_ample_prepare_i2,D,ample,prepare,2,M,2.5658072064888415,5.389298179983062,5.048853344194258,1.4470655819751208,0.0,0.0,292.41772288942565,9.81723225759205
D_ample_prepare_i2,D,ample,prepare,2,R,4.943113389588099,2.334607004614488,6.208551581574531,0.772376912308643,12.0,2.0950379130312307,283.2673967396673,27.2
D_ample_prepare_i2,D,ample,prepare,2,F,1.1544896481720748,1.4874506612792644,5.193971383454953,1.1736736003854564,0.0,0.0,287.29059821937733,9.81723225759205
D_ample_prepare_i2,D,ample,prepare,2,B,0.9247917592406755,0.26910307397795374,1.4784868345541422,0.0073672113606861635,0.0,0.0,289.3359994900049,9.81723225759205
D_collaborative_none_i0,D,collaborative,none,0,M,6.2521764348773425,6.3009276691028315,5.17487094022369,1.3147459052455712,0.0,0.0,286.57023138219745,8.777877169890541
D_collaborative_none_i0,D,collaborative,none,0,R,8.160160032044594,1.6367013559529127,3.144895970939181,0.07126533046492957,3.0,0.5039368498390904,280.0036042559733,21.2
D_collaborative_none_i0,D,collaborative,none,0,F,0.0,0.0,0.0,0.0,0.0,0.0,288.00000000000034,8.777877169890541
D_collaborative_none_i0,D,collaborative,none,0,B,3.380395236973793,0.4465758176414277,1.6263282625202864,0.006140323602705587,0.0,0.0,285.5966744185728,8.777877169890541
D_collaborative_none_i1,D,collaborative,none,1,M,2.3329162482187096,1.4742356826979237,4.0168924959470305,0.42070053671987706,0.0,0.0,289.55032006991354,9.518602121466085
D_collaborative_none_i1,D,collaborative,none,1,R,8.69574165707738,4.509407864091074,7.112633194328725,1.7487396595772766,10.0,1.9833674538789647,280.0188073443833,21.141237310131725
D_collaborative_none_i1,D,collaborative,none,1,F,0.0,0.0,0.0,0.0,0.0,0.0,288.00000000000034,9.518602121466085
D_collaborative_none_i1,D,collaborative,none,1,B,4.170168428785364,1.0447456000896826,2.692296979756147,0.010617565247425402,0.0,0.0,285.30847513649206,9.518602121466085
D_collaborative_none_i2,D,collaborative,none,2,M,5.392477422656082,5.801693313375016,4.983433276653675,1.2938105125638146,0.0,0.0,287.40922841253484,8.249412166035551
D_collaborative_none_i2,D,collaborative,none,2,R,8.485534526201972,1.5935132433864267,11.356482263905987,1.045497272649968,31.0,3.5075578891858656,279.6877820566843,18.2
D_collaborative_none_i2,D,collaborative,none,2,F,0.0,0.0,0.0,0.0,0.0,0.0,288.00000000000034,8.249412166035551
D_collaborative_none_i2,D,collaborative,none,2,B,3.1285337731064016,0.3172295900579621,1.8957237357580894,0.005713985776106778,0.0,0.0,285.53994646791267,8.249412166035551
D_collaborative_prepare_i0,D,collaborative,prepare,0,M,7.578880569286079,9.226612155877177,8.018531258617093,2.9313032184777015,11.0,1.783354020562004,285.32251348383545,8.113509211829648
D_collaborative_prepare_i0,D,collaborative,prepare,0,R,9.51581574556242,2.9467838905927883,3.960357166423347,0.034905338346267085,3.0,0.4783109893065883,278.7084209941424,21.2
D_collaborative_prepare_i0,D,collaborative,prepare,0,F,1.2972109757490844,1.2654641879659725,4.565420960203316,1.1492918068214655,0.0,0.0,286.70278902425116,8.113509211829648
D_collaborative_prepare_i0,D,collaborative,prepare,0,B,4.6778382819818685,0.8356628086649414,2.2845295972648607,0.006140323602705587,0.0,0.0,284.3092144134571,8.113509211829648
D_collaborative_prepare_i1,D,collaborative,prepare,1,M,3.265667718375085,1.6150136244521156,4.016958477546713,0.42070053671987706,0.0,0.0,288.24583286690483,9.466077027126925
D_collaborative_prepare_i1,D,collaborative,prepare,1,R,9.941818442675077,5.674486954019414,7.622090993171647,1.6112692280471426,9.0,1.872254609847639,278.7204479983366,21.141237310131725
D_collaborative_prepare_i1,D,collaborative,prepare,1,F,1.2972109757490844,1.2654641879659725,4.565420960203316,1.1492918068214655,0.0,0.0,286.70278902425116,9.466077027126925
D_collaborative_prepare_i1,D,collaborative,prepare,1,B,5.40158546809312,1.5147685723582953,3.0355618676830582,0.010617565247425402,0.0,0.0,284.0094345992409,9.466077027126925
D_collaborative_prepare_i2,D,collaborative,prepare,2,M,6.812688028940636,6.237369257384237,5.118905385471711,1.2938105125638146,0.0,0.0,286.0006967234432,15.857615989090458
D_collaborative_prepare_i2,D,collaborative,prepare,2,R,10.11212101805421,3.4293273642205517,11.846978581330541,1.6145360039660646,24.0,4.049474379029593,278.268750863563,18.2
D_collaborative_prepare_i2,D,collaborative,prepare,2,F,1.2972109757490844,1.2654641879659725,4.565420960203316,1.1492918068214655,0.0,0.0,286.70278902425116,15.857615989090458
D_collaborative_prepare_i2,D,collaborative,prepare,2,B,4.427362198169116,0.6463998384468554,2.789339767299744,0.005713985776106778,0.0,0.0,284.11611828790296,15.857615989090458
D_short_window_none_i0,D,short_window,none,0,M,6.767217054229004,5.5275220307932065,4.793831983965143,1.0624611097353303,0.0,0.0,285.0760607938237,12.978138872580981
D_short_window_none_i0,D,short_window,none,0,R,7.376654834751009,2.1131080610743522,2.7511094584946627,0.05765671934001693,0.0,0.0,281.0162585028841,12.978138872580981
D_short_window_none_i0,D,short_window,none,0,F,0.0,0.0,0.0,0.0,0.0,0.0,288.00000000000034,12.978138872580981
D_short_window_none_i0,D,short_window,none,0,B,3.7345142460029157,0.5375694170596462,1.8956875833179503,0.014562844756416931,0.0,0.0,285.0508687609375,12.978138872580981
D_short_window_none_i1,D,short_window,none,1,M,2.232739465144471,0.9028603775229116,3.2071172640360555,0.2843445864632149,0.0,0.0,288.0298546073623,12.841169867309755
D_short_window_none_i1,D,short_window,none,1,R,7.516227232797928,2.5155386177770613,3.0972277580291134,0.1247586479196839,0.0,0.0,281.02123416248526,12.841169867309755
D_short_window_none_i1,D,short_window,none,1,F,0.0,0.0,0.0,0.0,0.0,0.0,288.00000000000034,12.841169867309755
D_short_window_none_i1,D,short_window,none,1,B,3.807095697444186,0.5851610987063969,2.0104923490626208,0.01842156096333897,0.0,0.0,285.03249261354165,12.841169867309755
D_short_window_none_i2,D,short_window,none,2,M,5.7970689482466,5.058826826268929,4.725953593832639,1.0447851408473814,0.0,0.0,286.0819990222993,10.204875000000012
D_short_window_none_i2,D,short_window,none,2,R,7.14873000322685,1.272098545935641,2.3291600064916262,1.7347234759768072e-19,0.0,0.0,281.00111530208443,10.2
D_short_window_none_i2,D,short_window,none,2,F,0.0,0.0,0.0,0.0,0.0,0.0,288.00000000000034,10.204875000000012
D_short_window_none_i2,D,short_window,none,2,B,3.3875666314691975,0.36057549913953674,1.670941718324562,0.014317983593016493,0.0,0.0,285.29561185796524,10.204875000000012
D_short_window_prepare_i0,D,short_window,prepare,0,M,8.179386451890144,5.989689261525676,4.949915257862446,1.0624611097353303,0.0,0.0,283.7693808212325,12.978138872580981
D_short_window_prepare_i0,D,short_window,prepare,0,R,8.742017015625262,3.564358276795612,3.710457310554228,0.05765671934001693,0.0,0.0,279.7211844857096,12.978138872580981
D_short_window_prepare_i0,D,short_window,prepare,0,F,1.2972109757490844,1.2654641879659725,4.565420960203316,1.1492918068214655,0.0,0.0,286.70278902425116,12.978138872580981
D_short_window_prepare_i0,D,short_window,prepare,0,B,5.080756212429061,1.0110971698856057,2.6189271567083305,0.014562844756416931,0.0,0.0,283.7380453098811,12.978138872580981
D_short_window_prepare_i1,D,short_window,prepare,1,M,3.3160937585239103,1.0330199519493748,3.2643210174879305,0.2843445864632149,0.0,0.0,286.7230648295136,12.841169867309755
D_short_window_prepare_i1,D,short_window,prepare,1,R,8.878621903519969,3.982695164220557,3.9002048761508052,0.1247586479196839,0.0,0.0,279.72613863872266,12.841169867309755
D_short_window_prepare_i1,D,short_window,prepare,1,F,1.2972109757490844,1.2654641879659725,4.565420960203316,1.1492918068214655,0.0,0.0,286.70278902425116,12.841169867309755
D_short_window_prepare_i1,D,short_window,prepare,1,B,5.149863042987968,1.0649898108331015,2.7291892327384617,0.01842156096333897,0.0,0.0,283.7199235533545,12.841169867309755
D_short_window_prepare_i2,D,short_window,prepare,2,M,7.206203819054274,5.4837084614714,4.880730808372739,1.0447851408473814,0.0,0.0,284.77542141554704,10.204875000000012
D_short_window_prepare_i2,D,short_window,prepare,2,R,8.517413929038726,2.623020726764979,3.655353867588198,1.7347234759768072e-19,0.0,0.0,279.7060602630004,10.2
D_short_window_prepare_i2,D,short_window,prepare,2,F,1.2972109757490844,1.2654641879659725,4.565420960203316,1.1492918068214655,0.0,0.0,286.70278902425116,10.204875000000012
D_short_window_prepare_i2,D,short_window,prepare,2,B,4.703832097183998,0.7292424130790521,2.335843503387664,0.014317983593016493,0.0,0.0,284.0045256086519,10.204875000000012
E_ample_none_i0,E,ample,none,0,M,0.003980082492815206,4.853093500405265,7.1811352146972665,1.2726300423606993,0.0,0.0,296.1056787070435,11.611810871989345
E_ample_none_i0,E,ample,none,0,R,1.657174825705889,0.6988949579420606,3.359085032302751,0.6106390037150369,7.0,1.329984387433996,286.4058863552003,30.2
E_ample_none_i0,E,ample,none,0,F,0.0,0.10382143997435297,0.7862495690905905,0.025187499999999908,0.0,0.0,288.61786707599197,11.611810871989345
E_ample_none_i0,E,ample,none,0,B,0.0,0.046942289206494396,0.8094582866271223,0.007574755971024108,0.0,0.0,292.0008157456355,11.611810871989345
E_ample_none_i1,E,ample,none,1,M,0.03152560627014634,1.0539348219663929,6.571283714450041,0.7072121226117262,0.0,0.0,299.06345586879706,10.559670955508562
E_ample_none_i1,E,ample,none,1,R,2.072571701094231,1.1904066959897306,5.117414639783709,1.0290467121677154,9.0,1.8483896194226257,286.41237463932515,30.2
E_ample_none_i1,E,ample,none,1,F,0.0,0.10382143997435297,0.7862495690905905,0.025187499999999908,0.0,0.0,288.61786707599197,10.559670955508562
E_ample_none_i1,E,ample,none,1,B,0.0,0.10741737163868448,1.290509821228902,0.011962863782582938,0.0,0.0,291.95985705163577,10.559670955508562
E_ample_none_i2,E,ample,none,2,M,0.009638019517414163,4.533589400694884,7.3470834239325775,1.207794842636734,0.0,0.0,297.10532589629764,11.067089743210968
E_ample_none_i2,E,ample,none,2,R,1.7514703582282896,0.33808360555027717,2.7811844556045355,0.4419976649913354,7.0,1.458931967416198,286.3907565105743,27.2
E_ample_none_i2,E,ample,none,2,F,0.0,0.10382143997435297,0.7862495690905905,0.025187499999999908,0.0,0.0,288.61786707599197,11.067089743210968
E_ample_none_i2,E,ample,none,2,B,0.21495736872012097,0.10072052157369787,0.6787169143751396,0.0073672113606861635,0.0,0.0,292.0679984645376,11.067089743210968
E_ample_prepare_i0,E,ample,prepare,0,M,1.2605849639883298,5.58572720636204,7.855966062835579,1.3221532029023577,0.0,0.0,294.78065020649444,11.6546940351902
E_ample_prepare_i0,E,ample,prepare,0,R,3.16814053876574,0.9247162566412263,4.666161214836644,0.5960975679369611,7.0,1.329984387433996,285.0809343952052,30.2
E_ample_prepare_i0,E,ample,prepare,0,F,1.1544896481720748,1.4874506612792644,5.193971383454953,1.1736736003854564,0.0,0.0,287.29059821937733,11.6546940351902
E_ample_prepare_i0,E,ample,prepare,0,B,0.07511829166233194,0.08775663667809419,1.0813709273866792,0.007574755971024108,0.0,0.0,290.83476413890025,11.6546940351902
E_ample_prepare_i1,E,ample,prepare,1,M,0.03832812481797295,1.1583395897826791,5.444908878321713,0.6476647882000162,0.0,0.0,297.73849568795714,10.855109552732198
E_ample_prepare_i1,E,ample,prepare,1,R,3.716603789744147,2.9556311390031156,6.592518321800975,1.3224635891385959,9.0,1.5813726926861857,285.0881190077214,30.2
E_ample_prepare_i1,E,ample,prepare,1,F,1.1544896481720748,1.4874506612792644,5.193971383454953,1.1736736003854564,0.0,0.0,287.29059821937733,10.855109552732198
E_ample_prepare_i1,E,ample,prepare,1,B,0.5503578538516433,0.3438973850571711,1.9840879714970667,0.011962863782582938,0.0,0.0,290.70518131347006,10.855109552732198
E_ample_prepare_i2,E,ample,prepare,2,M,1.0522463490013583,5.3725342407165915,8.097611508126974,1.2397836994909144,0.0,0.0,295.7804461719202,11.219506381142363
E_ample_prepare_i2,E,ample,prepare,2,R,3.186720083706329,0.49591673859713076,3.3262280813698686,0.2875516825053544,7.0,1.4398320477900388,285.0657928941351,27.2
E_ample_prepare_i2,E,ample,prepare,2,F,1.1544896481720748,1.4874506612792644,5.193971383454953,1.1736736003854564,0.0,0.0,287.29059821937733,11.219506381142363
E_ample_prepare_i2,E,ample,prepare,2,B,0.22527639246927542,0.1031487550765812,0.9125285012400319,0.0073672113606861635,0.0,0.0,290.9390911669073,11.219506381142363
E_collaborative_none_i0,E,collaborative,none,0,M,2.874179165096898,6.510377761936019,7.563928778008072,1.4895879359243682,0.0,0.0,290.89028504118556,15.932323952278534
E_collaborative_none_i0,E,collaborative,none,0,R,4.518373368074952,1.5893661778700292,3.7580380111710845,0.5793906249999909,0.0,0.0,283.60230154694983,21.2
E_collaborative_none_i0,E,collaborative,none,0,F,0.0,0.0,0.0,0.0,0.0,0.0,288.00000000000034,15.932323952278534
E_collaborative_none_i0,E,collaborative,none,0,B,0.9220576331448372,0.15021403544529624,1.2632732818536343,0.006140323602705587,0.0,0.0,288.8661517361389,15.932323952278534
E_collaborative_none_i1,E,collaborative,none,1,M,0.2592837425117363,1.643590553731552,7.393096936037516,0.42320319770522496,0.0,0.0,293.8498629275852,9.600323899503547
E_collaborative_none_i1,E,collaborative,none,1,R,5.7241852546603615,4.382201465356203,9.679109768050346,2.850317073127362,12.0,2.6914687520900262,283.61357208237143,21.151875000000057
E_collaborative_none_i1,E,collaborative,none,1,F,0.0,0.0,0.0,0.0,0.0,0.0,288.00000000000034,9.600323899503547
E_collaborative_none_i1,E,collaborative,none,1,B,1.878842200983261,0.5390392279369444,2.362622348466969,0.010617565247425402,0.0,0.0,288.6124541945106,9.600323899503547
E_collaborative_none_i2,E,collaborative,none,2,M,1.3380906269999422,6.420312667781572,6.302954547892587,0.9231565779960872,0.0,0.0,291.88936527596127,8.82944307217242
E_collaborative_none_i2,E,collaborative,none,2,R,4.53414599913066,0.8297687959058729,2.7829461539624276,0.2635149999999953,0.0,0.0,283.5868675058024,18.2
E_collaborative_none_i2,E,collaborative,none,2,F,0.0,0.0,0.0,0.0,0.0,0.0,288.00000000000034,8.82944307217242
E_collaborative_none_i2,E,collaborative,none,2,B,1.1905475871424374,0.08498924169675548,0.9437666112060177,0.005713985776106778,0.0,0.0,289.02092356946196,8.82944307217242
E_collaborative_prepare_i0,E,collaborative,prepare,0,M,4.165983163526262,6.7952457554597165,7.838014488996886,1.4921213658700356,0.0,0.0,289.5952591903328,15.868809498259633
E_collaborative_prepare_i0,E,collaborative,prepare,0,R,5.986699935119211,2.2573314937027393,4.451868430153041,0.5793906249999909,0.0,0.0,282.30734212131193,21.2
E_collaborative_prepare_i0,E,collaborative,prepare,0,F,1.2972109757490844,1.2654641879659725,4.565420960203316,1.1492918068214655,0.0,0.0,286.70278902425116,15.868809498259633
E_collaborative_prepare_i0,E,collaborative,prepare,0,B,1.9941993539316616,0.34518887181252456,1.6171050550526198,0.006140323602705587,0.0,0.0,287.63479648746306,15.868809498259633
E_collaborative_prepare_i1,E,collaborative,prepare,1,M,1.1019177486364145,2.7716667150825955,11.348337450374265,1.4446739117975766,0.0,0.0,292.5559376441266,9.765676583346686
E_collaborative_prepare_i1,E,collaborative,prepare,1,R,7.402314140039713,6.522001086647388,9.808815921830384,3.2248865870501295,9.0,1.7843635945829663,282.31967108376904,21.151875000000057
E_collaborative_prepare_i1,E,collaborative,prepare,1,F,1.2972109757490844,1.2654641879659725,4.565420960203316,1.1492918068214655,0.0,0.0,286.70278902425116,9.765676583346686
E_collaborative_prepare_i1,E,collaborative,prepare,1,B,3.298005872999508,1.1314869011601718,2.8903983430750926,0.010617565247425402,0.0,0.0,287.1742263753378,9.765676583346686
E_collaborative_prepare_i2,E,collaborative,prepare,2,M,2.7303299612945664,6.760377157768873,7.048540121511146,0.9240832497934501,0.0,0.0,290.5943261437943,16.1647528499205
E_collaborative_prepare_i2,E,collaborative,prepare,2,R,6.01375044126874,1.2582926483951462,3.7788939392977796,0.2635149999999953,0.0,0.0,282.2919080801646,18.2
E_collaborative_prepare_i2,E,collaborative,prepare,2,F,1.2972109757490844,1.2654641879659725,4.565420960203316,1.1492918068214655,0.0,0.0,286.70278902425116,16.1647528499205
E_collaborative_prepare_i2,E,collaborative,prepare,2,B,2.079811949471343,0.17964182132914966,1.2627688043978549,0.005713985776106778,0.0,0.0,287.8303252293612,16.1647528499205
E_short_window_none_i0,E,short_window,none,0,M,4.328192715216379,5.383759110044155,8.208738425890353,1.6102436729303848,0.0,0.0,289.15272515163804,13.001562500000073
E_short_window_none_i0,E,short_window,none,0,R,4.158125616463846,2.1619036648438947,4.146605227418981,0.7783668749999876,0.0,0.0,284.164878471556,13.001562500000073
E_short_window_none_i0,E,short_window,none,0,F,0.0,0.0,0.0,0.0,0.0,0.0,288.00000000000034,13.001562500000073
E_short_window_none_i0,E,short_window,none,0,B,1.270868057155164,0.22279670130753235,1.5516680665416538,0.014562844756416931,0.0,0.0,287.9711006349562,13.001562500000073
E_short_window_none_i1,E,short_window,none,1,M,0.4076293128890922,1.5759301044127152,10.374958722932742,1.0792523370124907,0.0,0.0,292.1161168472251,12.868593750000098
E_short_window_none_i1,E,short_window,none,1,R,4.2953904060155566,2.6312665085367306,4.496525093074805,0.9369124999999822,0.0,0.0,284.17004722377567,12.868593750000098
E_short_window_none_i1,E,short_window,none,1,F,0.0,0.0,0.0,0.0,0.0,0.0,288.00000000000034,12.868593750000098
E_short_window_none_i1,E,short_window,none,1,B,1.3290623434266933,0.2657046211822168,1.6918468548946597,0.01842156096333897,0.0,0.0,287.9535484200829,12.868593750000098
E_short_window_none_i2,E,short_window,none,2,M,2.30511315126171,4.6102151928563595,6.402535597227145,0.7859137940525038,0.0,0.0,290.1523548801326,10.205156250000012
E_short_window_none_i2,E,short_window,none,2,R,3.9557765451932503,1.0995732122814663,3.180403731558278,0.3939015624999913,0.0,0.0,284.1494129241739,10.2
E_short_window_none_i2,E,short_window,none,2,F,0.0,0.0,0.0,0.0,0.0,0.0,288.00000000000034,10.205156250000012
E_short_window_none_i2,E,short_window,none,2,B,1.3171164398492547,0.10498172977034334,1.1718326051382342,0.014176111252910885,0.0,0.0,288.1728867885694,10.205156250000012
E_short_window_prepare_i0,E,short_window,prepare,0,M,5.56132245009732,5.890761833450549,9.836759713113473,1.7003896842630004,0.0,0.0,287.8569704985807,13.001562500000073
E_short_window_prepare_i0,E,short_window,prepare,0,R,5.616690455505882,3.0094840132283536,4.7660224311511605,0.7783668749999876,0.0,0.0,282.8699190459182,13.001562500000073
E_short_window_prepare_i0,E,short_window,prepare,0,F,1.2972109757490844,1.2654641879659725,4.565420960203316,1.1492918068214655,0.0,0.0,286.70278902425116,13.001562500000073
E_short_window_prepare_i0,E,short_window,prepare,0,B,2.4913768327091295,0.49506352621770505,1.99794149535674,0.014562844756416931,0.0,0.0,286.7074134830431,13.001562500000073
E_short_window_prepare_i1,E,short_window,prepare,1,M,1.387414637960574,2.52817858790671,14.45637226874696,1.9557003745179915,0.0,0.0,290.82086159656177,12.868593750000098
E_short_window_prepare_i1,E,short_window,prepare,1,R,5.749135609362898,3.5802216032298393,5.10332945643269,0.9369124999999822,0.0,0.0,282.8750877981373,12.868593750000098
E_short_window_prepare_i1,E,short_window,prepare,1,F,1.2972109757490844,1.2654641879659725,4.565420960203316,1.1492918068214655,0.0,0.0,286.70278902425116,12.868593750000098
E_short_window_prepare_i1,E,short_window,prepare,1,B,2.5678420275642986,0.5672385665963682,2.1689597895241053,0.01842156096333897,0.0,0.0,286.6835791150458,12.868593750000098
E_short_window_prepare_i2,E,short_window,prepare,2,M,3.5417456273466934,5.181412359410881,6.596233281677086,0.7835172686345699,0.0,0.0,288.85721052013747,10.205156250000012
E_short_window_prepare_i2,E,short_window,prepare,2,R,5.428247030934446,1.6811251091045791,4.02937928598946,0.3939015624999913,0.0,0.0,282.85445349853643,10.2
E_short_window_prepare_i2,E,short_window,prepare,2,F,1.2972109757490844,1.2654641879659725,4.565420960203316,1.1492918068214655,0.0,0.0,286.70278902425116,10.205156250000012
E_short_window_prepare_i2,E,short_window,prepare,2,B,2.3861642475074443,0.2532956853533625,1.6003854411510416,0.014176111252910885,0.0,0.0,286.94781541899494,10.205156250000012
