K_MR_mean_s-1,K_RM_mean_s-1,completion_time_s,compute_time_s,disturbance,failure_type,hard_violation_count,init_variant,max_abs_jerk_mps3,mean_abs_jerk_mps3,merge_start_time_s,method,min_net_gap_m,outcome,pair_gain_total_error_max_s-1,road_violation_count,run_id,safety_correction_abs_mean_mps2,safety_correction_count,scenario,space_feedback_abs_mean_s-1,success,task_phase,total_effort_integral_m2_s3,total_speed_deficit_integral_m_s
0.0,0.0,3.65,0.3188397999620065,none,,0,0,2.5,0.12217753253934756,0.6500000000000001,A,11.251064264926082,completed,0.0,0,A_ample_none_i0,3.799955392668559,7,ample,0.0,1,SUCCESS,5.326624772951129,3.727611221697933
0.0,0.0,5.05,0.43379730003653094,none,,0,1,2.500000000000002,0.15671588431525507,2.05,A,10.601417033255029,completed,0.0,0,A_ample_none_i1,4.091943781108452,9,ample,0.0,1,SUCCESS,3.1023960426535795,2.923626372870316
0.0,0.0,4.25,0.30995589995291084,none,,0,2,2.5,0.11522782402231964,1.2500000000000002,A,9.773354193167858,completed,0.0,0,A_ample_none_i2,4.185103705025071,8,ample,0.0,1,SUCCESS,4.751587824557898,3.729689440118043
0.0,0.0,3.65,0.5143948000040837,prepare,,0,0,2.500000000000002,0.21823138818016835,0.6500000000000001,A,11.13088765225491,completed,0.0,0,A_ample_prepare_i0,3.799955392668559,7,ample,0.0,1,SUCCESS,7.502720728862749,7.751576261336124
0.0,0.0,5.0,0.3798458999954164,prepare,,0,1,2.500000000000002,0.24056089047373735,2.0,A,11.0057157145099,completed,0.0,0,A_ample_prepare_i1,3.5025105620003765,8,ample,0.0,1,SUCCESS,5.789886704002999,6.4643437341223615
0.0,0.0,4.25,0.6724337000050582,prepare,,0,2,2.500000000000002,0.19274437350175094,1.2500000000000002,A,9.660435799189951,completed,0.0,0,A_ample_prepare_i2,4.113135034612444,8,ample,0.0,1,SUCCESS,6.695378250247289,7.498666725296425
0.0,0.0,4.2,0.4034564000321552,none,,0,0,2.500000000000001,0.40746891847501904,1.2000000000000002,A,8.164424129616247,completed,0.0,0,A_collaborative_none_i0,3.9703988821939302,43,collaborative,0.0,1,SUCCESS,11.646905141124824,12.221744642787927
0.0,0.0,,0.3441194999613799,none,started_but_failed,0,1,2.500000000000002,0.44320229094797803,2.55,A,8.210927233328942,started_but_failed,0.0,0,A_collaborative_none_i1,4.171689398352929,50,collaborative,0.0,0,FAILED,10.859532952401038,11.455956813295357
0.0,0.0,,0.40439010004047304,none,started_but_failed,0,2,2.5,0.538058573685441,4.15,A,13.217533591032304,started_but_failed,0.0,0,A_collaborative_none_i2,4.746550477782575,49,collaborative,0.0,0,FAILED,40.466809776621346,31.923603164098076
0.0,0.0,4.2,0.41776939999544993,prepare,,0,0,2.5000000000000044,0.8307519715468421,1.2000000000000002,A,7.041043051373447,completed,0.0,0,A_collaborative_prepare_i0,4.38406824714894,83,collaborative,0.0,1,SUCCESS,78.12475794502264,54.634365213673426
0.0,0.0,,0.42094460001681,prepare,started_but_failed,0,1,2.500000000000001,0.5630376833925637,2.45,A,8.150517129001297,started_but_failed,0.0,0,A_collaborative_prepare_i1,4.048517096562629,40,collaborative,0.0,0,FAILED,18.542793191979698,18.66545821707024
0.0,0.0,,0.34833300003083423,prepare,started_but_failed,0,2,2.500000000000002,0.664683351658766,4.95,A,12.234497328234067,started_but_failed,0.0,0,A_collaborative_prepare_i2,4.779927977791185,56,collaborative,0.0,0,FAILED,47.44519642322993,43.013242062810534
0.0,0.0,,0.3655041999882087,none,missed_window,0,0,2.5,0.15484220267008408,,A,13.001562500000073,missed_window,0.0,0,A_short_window_none_i0,0.0,0,short_window,0.0,0,FAILED,7.573004589987801,10.810350853005552
0.0,0.0,,0.4116084999986924,none,missed_window,0,1,2.5,0.11737085131163186,,A,12.868593750000098,missed_window,0.0,0,A_short_window_none_i1,0.0,0,short_window,0.0,0,FAILED,3.5412552254432317,7.446758633681958
0.0,0.0,,0.37475880002602935,none,missed_window,0,2,2.5,0.12783288675220714,,A,10.205156250000012,missed_window,0.0,0,A_short_window_none_i2,0.0,0,short_window,0.0,0,FAILED,5.835666331637241,9.783791677949099
0.0,0.0,,0.358699299977161,prepare,missed_window,0,0,2.5,0.24528294878696758,,A,13.001562500000073,missed_window,0.0,0,A_short_window_prepare_i0,0.0,0,short_window,0.0,0,FAILED,10.442549570574712,16.215191908519554
0.0,0.0,,0.38670699996873736,prepare,missed_window,0,1,2.5,0.21194718244933322,,A,12.868593750000098,missed_window,0.0,0,A_short_window_prepare_i1,0.0,0,short_window,0.0,0,FAILED,6.384857569804169,12.689178660218392
0.0,0.0,,0.44853500003227964,prepare,missed_window,0,2,2.5,0.22159746932604155,,A,10.205156250000012,missed_window,0.0,0,A_short_window_prepare_i2,0.0,0,short_window,0.0,0,FAILED,8.294406223281586,15.046616437001708
0.0,0.0,4.25,0.38178830000106245,none,,0,0,2.5,0.14190449171844538,1.2500000000000002,B,10.767963855902945,completed,0.0,0,B_ample_none_i0,0.0,0,ample,0.0,1,SUCCESS,6.263594932194838,5.766242303040762
0.0,0.0,,0.3788696000119671,none,started_but_failed,0,1,2.500000000000002,0.21586055448123523,3.05,B,10.746167682202906,started_but_failed,0.0,0,B_ample_none_i1,3.9771799361737203,9,ample,0.0,0,FAILED,4.882889748809274,5.4721341279574105
0.0,0.0,4.5,0.35582440003054217,none,,0,2,2.5,0.20523557716560492,1.5000000000000002,B,9.789490217909584,completed,0.0,0,B_ample_none_i2,3.8395472866983327,12,ample,0.0,1,SUCCESS,7.447048724943148,5.323749293553782
0.0,0.0,4.25,0.46414309996180236,prepare,,0,0,2.500000000000002,0.24949917995868107,1.2500000000000002,B,11.018004527082919,completed,0.0,0,B_ample_prepare_i0,0.0,0,ample,0.0,1,SUCCESS,9.562348439036846,10.48830250564758
0.0,0.0,,0.3638145999866538,prepare,started_but_failed,0,1,2.500000000000002,0.3311678460714901,2.85,B,11.476804738928319,started_but_failed,0.0,0,B_ample_prepare_i1,3.6222480372562176,7,ample,0.0,0,FAILED,10.181910712387353,10.263041227022587
0.0,0.0,4.5,0.36400329996831715,prepare,,0,2,2.500000000000002,0.28161590384969293,1.5000000000000002,B,9.863495602131604,completed,0.0,0,B_ample_prepare_i2,3.4740413028068082,12,ample,0.0,1,SUCCESS,9.537108037204312,9.643447432806163
0.0,0.0,4.45,0.36714510002639145,none,,0,0,2.5,0.1740854817625639,1.4500000000000002,B,8.769986362439806,completed,0.0,0,B_collaborative_none_i0,3.168738472060367,4,collaborative,0.0,1,SUCCESS,9.552661651383566,18.04946485029189
0.0,0.0,,0.34253020002506673,none,started_but_failed,0,1,2.5,0.2300503235674162,3.2,B,9.48486705702113,started_but_failed,0.0,0,B_collaborative_none_i1,4.175835332142331,9,collaborative,0.0,0,FAILED,8.47531517109798,15.713766792984822
0.0,0.0,,0.35028269997565076,none,started_but_failed,0,2,2.5,0.3123694410331276,3.35,B,8.24105255957225,started_but_failed,0.0,0,B_collaborative_none_i2,2.262622511419032,37,collaborative,0.0,0,FAILED,8.493367468209673,17.24373594103433
0.0,0.0,4.45,0.3108248999924399,prepare,,0,0,2.5000000000000044,0.3182586569279652,1.4500000000000002,B,8.058221181345214,completed,0.0,0,B_collaborative_prepare_i0,3.1741409361906876,15,collaborative,0.0,1,SUCCESS,16.1839036515155,23.51239206605429
0.0,0.0,,0.344145999988541,prepare,started_but_failed,0,1,2.5000000000000044,0.345786351947402,3.0,B,9.298259509390572,started_but_failed,0.0,0,B_collaborative_prepare_i1,3.919926592014266,7,collaborative,0.0,0,FAILED,15.381495527573946,22.013428698996066
0.0,0.0,,0.36694759997772053,prepare,started_but_failed,0,2,2.500000000000001,0.4067863812717981,4.45,B,15.988214262354756,started_but_failed,0.0,0,B_collaborative_prepare_i2,3.9888378860215643,24,collaborative,0.0,0,FAILED,13.715500991450023,23.26154387417965
0.0,0.0,,0.31887479999568313,none,missed_window,0,0,2.5,0.1577547686569627,,B,12.980602077461892,missed_window,0.0,0,B_short_window_none_i0,0.0,0,short_window,0.0,0,FAILED,9.07223639640688,18.04621697018815
0.0,0.0,,0.5042003999697044,none,missed_window,0,1,2.5,0.13949421409742782,,B,12.844998959821776,missed_window,0.0,0,B_short_window_none_i1,0.0,0,short_window,0.0,0,FAILED,4.915110019203022,13.641637294473853
0.0,0.0,,0.37561839999398217,none,missed_window,0,2,2.5,0.14639287764099548,,B,10.204875000000012,missed_window,0.0,0,B_short_window_none_i2,0.0,0,short_window,0.0,0,FAILED,7.306001968703,16.503007280267354
0.0,0.0,,0.2844963000388816,prepare,missed_window,0,0,2.5,0.26370301997483375,,B,12.980602077461892,missed_window,0.0,0,B_short_window_prepare_i0,0.0,0,short_window,0.0,0,FAILED,13.456551432409501,23.568640556386747
0.0,0.0,,0.3667031999793835,prepare,missed_window,0,1,2.5,0.2433928851179583,,B,12.844998959821776,missed_window,0.0,0,B_short_window_prepare_i1,0.0,0,short_window,0.0,0,FAILED,9.068997252856406,18.904217935662256
0.0,0.0,,0.3501688999822363,prepare,missed_window,0,2,2.5,0.25649711766617583,,B,10.204875000000012,missed_window,0.0,0,B_short_window_prepare_i2,0.0,0,short_window,0.0,0,FAILED,11.35147958661166,21.97928731835978
0.16947040498442364,0.16947040498442364,4.3,0.4197125000064261,none,,0,0,2.5,0.14073345216658484,1.3,C,10.788101251678551,completed,0.0,0,C_ample_none_i0,0.0,0,ample,0.012560370455882408,1,SUCCESS,6.238396971260705,5.744637224145914
0.16947040498442364,0.16947040498442364,,0.4442768999724649,none,started_but_failed,0,1,2.5,0.21196986693130254,3.15,C,10.655565019032661,started_but_failed,0.0,0,C_ample_none_i1,3.9645280454258875,9,ample,0.021489553613856727,0,FAILED,4.807205206530695,5.4092966172286285
0.16947040498442364,0.16947040498442364,4.5,0.46862540004076436,none,,0,2,2.5,0.2031674858512103,1.5000000000000002,C,9.740961668492542,completed,0.0,0,C_ample_none_i2,3.8580298452101816,12,ample,0.011285484062252526,1,SUCCESS,7.402158511823251,5.265633501800377
0.16947040498442364,0.16947040498442364,4.3,0.42765130003681406,prepare,,0,0,2.500000000000002,0.2472781070047138,1.3,C,11.06246283301942,completed,0.0,0,C_ample_prepare_i0,0.0,0,ample,0.012266267560999272,1,SUCCESS,9.453897088797037,10.441437900271824
0.16947040498442364,0.16947040498442364,,0.45042050001211464,prepare,started_but_failed,0,1,2.500000000000002,0.33446619291478374,2.9,C,11.33870034153453,started_but_failed,0.0,0,C_ample_prepare_i1,3.7149140080382543,8,ample,0.022253562956577988,0,FAILED,10.480517171524406,10.404531395345652
0.16947040498442364,0.16947040498442364,4.5,0.4503324999823235,prepare,,0,2,2.500000000000002,0.27998151077199424,1.5000000000000002,C,9.813012009070402,completed,0.0,0,C_ample_prepare_i2,3.492896633781671,12,ample,0.01181502575177677,1,SUCCESS,9.477856150220985,9.583437572631524
0.16947040498442364,0.16947040498442364,4.55,0.3484449000097811,none,,0,0,2.5,0.1551313885218844,1.55,C,8.780364364821263,completed,0.0,0,C_collaborative_none_i0,3.363797014358401,3,collaborative,0.027237754428313478,1,SUCCESS,8.366508880406517,17.784458012580583
0.16947040498442364,0.16947040498442364,,0.3775871999678202,none,started_but_failed,0,1,2.500000000000002,0.21642081839552155,3.55,C,9.517230119260955,started_but_failed,0.0,0,C_collaborative_none_i1,3.967706116214172,10,collaborative,0.031573598198140006,0,FAILED,7.058429308294907,15.215690989271
0.16947040498442364,0.16947040498442364,,0.23826280003413558,none,started_but_failed,0,2,2.5,0.2873269950992178,3.45,C,8.252527241100335,started_but_failed,0.0,0,C_collaborative_none_i2,1.8228514258601802,35,collaborative,0.027936014518586766,0,FAILED,7.676047985289578,16.993543029960474
0.16947040498442364,0.16947040498442364,4.55,0.4008483999641612,prepare,,0,0,2.5,0.29407991619087503,1.55,C,8.116464553410946,completed,0.0,0,C_collaborative_prepare_i0,3.2328293133939257,14,collaborative,0.02812242929047133,1,SUCCESS,14.26929185542207,23.0626263436774
0.16947040498442364,0.16947040498442364,,0.372374500031583,prepare,started_but_failed,0,1,2.5,0.3020356784469139,3.25,C,9.462906048181377,started_but_failed,0.0,0,C_collaborative_prepare_i1,4.159116086586732,9,collaborative,0.03096024830674826,0,FAILED,10.162220480877453,19.94483593231605
0.16947040498442364,0.16947040498442364,,0.4342203999985941,prepare,started_but_failed,0,2,2.5,0.37610516792937654,4.6,C,15.857376167759195,started_but_failed,0.0,0,C_collaborative_prepare_i2,3.57025975829594,24,collaborative,0.030272652990210536,0,FAILED,11.568557320755714,22.639531108126505
0.16947040498442364,0.16947040498442364,,0.3850391000160016,none,missed_window,0,0,2.5,0.14749949058037876,,C,12.978129568831218,missed_window,0.0,0,C_short_window_none_i0,0.0,0,short_window,0.02203189096880046,0,FAILED,8.177874780863549,17.87826539730415
0.16947040498442364,0.16947040498442364,,0.383130100031849,none,missed_window,0,1,2.5,0.1301324349463191,,C,12.841181433611563,missed_window,0.0,0,C_short_window_none_i1,0.0,0,short_window,0.026279826427983315,0,FAILED,4.027988112374772,13.563806388751882
0.16947040498442364,0.16947040498442364,,0.40113300003577024,none,missed_window,0,2,2.5,0.13639441066385477,,C,10.204875000000012,missed_window,0.0,0,C_short_window_none_i2,0.0,0,short_window,0.02086670158218632,0,FAILED,6.696264922093301,16.3346549758763
0.16947040498442364,0.16947040498442364,,0.3762629000120796,prepare,missed_window,0,0,2.5,0.2477226938639022,,C,12.978129568831218,missed_window,0.0,0,C_short_window_prepare_i0,0.0,0,short_window,0.02281972764704492,0,FAILED,11.841899802456373,23.301755431066088
0.16947040498442364,0.16947040498442364,,0.3529341000248678,prepare,missed_window,0,1,2.5,0.2267327261471869,,C,12.841181433611563,missed_window,0.0,0,C_short_window_prepare_i1,0.0,0,short_window,0.02626933609160907,0,FAILED,7.4089322761082625,18.65849033740555
0.16947040498442364,0.16947040498442364,,0.374230399960652,prepare,missed_window,0,2,2.5,0.24148375254789886,,C,10.204875000000012,missed_window,0.0,0,C_short_window_prepare_i2,0.0,0,short_window,0.021746651559264477,0,FAILED,10.120733323245794,21.72891953993335
0.12963625178159321,0.20930455818725413,4.3,0.4878597999922931,none,,0,0,2.5,0.14077236158670065,1.3,D,10.79244694225785,completed,0.0,0,D_ample_none_i0,0.0,0,ample,0.012560474458437661,1,SUCCESS,6.237212340110538,5.747973936569159
0.13494702860649943,0.20399378136234797,,0.42844879999756813,none,started_but_failed,0,1,2.5,0.21195748527037983,3.15,D,10.65641287032916,started_but_failed,0.0,0,D_ample_none_i1,3.9647035308236633,9,ample,0.021489686240096856,0,FAILED,4.805966638546755,5.409199395812822
0.12970092799235344,0.20923988197649396,4.5,0.5654264999902807,none,,0,2,2.5,0.20341774128218187,1.5000000000000002,D,9.745287506701356,completed,0.0,0,D_ample_none_i2,3.8568114812184398,12,ample,0.011289406540139988,1,SUCCESS,7.404696182015317,5.2707187014103765
0.13061559549414667,0.2083252144747007,4.3,0.6432628000038676,prepare,,0,0,2.500000000000002,0.24731368234305795,1.3,D,11.066624365343312,completed,0.0,0,D_ample_prepare_i0,0.0,0,ample,0.01226733502821939,1,SUCCESS,9.455511576071546,10.445551701715525
0.1378346944672757,0.20110611550157165,,0.49926199996843934,prepare,started_but_failed,0,1,2.500000000000002,0.3342968338950595,2.9,D,11.337949336055356,started_but_failed,0.0,0,D_ample_prepare_i1,3.7149067077940536,8,ample,0.02224886207172576,0,FAILED,10.470636109667025,10.400439401620204
0.13009339690036026,0.20884741306848714,4.5,0.3435396999702789,prepare,,0,2,2.500000000000002,0.2801541116215293,1.5000000000000002,D,9.81723225759205,completed,0.0,0,D_ample_prepare_i2,3.4917298550520504,12,ample,0.011817552122666311,1,SUCCESS,9.480458919854769,9.588202003489691
0.13200686605499712,0.20693394391385028,4.55,0.4737386999768205,none,,0,0,2.5,0.15540773708879946,1.55,D,8.777877169890541,completed,0.0,0,D_collaborative_none_i0,3.359578998927269,3,collaborative,0.027248099421909422,1,SUCCESS,8.384204842697171,17.79273170389573
0.13906336771378816,0.19987744225505924,,0.39478929998585954,none,started_but_failed,0,1,2.5,0.21596597921924854,3.55,D,9.518602121466085,started_but_failed,0.0,0,D_collaborative_none_i1,3.966734907757929,10,collaborative,0.03154235962531855,0,FAILED,7.0283891468786805,15.198826334081453
0.13264534036035475,0.20629546960849265,,0.478957699961029,none,started_but_failed,0,2,2.5000000000000004,0.2849318636924648,3.45,D,8.249412166035551,started_but_failed,0.0,0,D_collaborative_none_i2,2.2629405736683004,31,collaborative,0.027959149312470698,0,FAILED,7.712436146819405,17.006545721964457
0.13366415372666837,0.205276656242179,4.55,0.5824117999873124,prepare,,0,0,2.5,0.2942006091016971,1.55,D,8.113509211829648,completed,0.0,0,D_collaborative_prepare_i0,3.230950014097988,14,collaborative,0.02812953569403055,1,SUCCESS,14.27452304310088,23.069745572579453
0.13994028630682567,0.19900052366202164,,0.48150320001877844,prepare,started_but_failed,0,1,2.500000000000001,0.30062550466569893,3.25,D,9.466077027126925,started_but_failed,0.0,0,D_collaborative_prepare_i1,4.16056579966142,9,collaborative,0.030894271909517372,0,FAILED,10.069733338795796,19.906282604892365
0.13370020512099332,0.205240604847854,,0.4030188999604434,prepare,started_but_failed,0,2,2.500000000000002,0.3800100733485204,4.6,D,15.857615989090458,started_but_failed,0.0,0,D_collaborative_prepare_i2,3.3745619825246607,24,collaborative,0.030309857016102774,0,FAILED,11.578560648017616,22.649382220913047
0.13604122324683937,0.202899586722008,,0.4109617000212893,none,missed_window,0,0,2.5,0.14750982852777744,,D,12.978138872580981,missed_window,0.0,0,D_short_window_none_i0,0.0,0,short_window,0.022031917304945723,0,FAILED,8.178199508927205,17.87838613498293
0.14197396368669138,0.19696684628215597,,0.4596316000097431,none,missed_window,0,1,2.5,0.12991933392387173,,D,12.841169867309755,missed_window,0.0,0,D_short_window_none_i1,0.0,0,short_window,0.026274080248403088,0,FAILED,4.00356009400637,13.556062395386585
0.14003771414900482,0.19890309581984253,,0.4530404999968596,none,missed_window,0,2,2.5,0.13634461435388787,,D,10.204875000000012,missed_window,0.0,0,D_short_window_none_i2,0.0,0,short_window,0.02086473297440124,0,FAILED,6.691500871344107,16.333365582942648
0.1367398746284254,0.202200935340422,,0.4186778999865055,prepare,missed_window,0,0,2.5,0.24757376070825501,,D,12.978138872580981,missed_window,0.0,0,D_short_window_prepare_i0,0.0,0,short_window,0.02281565482335124,0,FAILED,11.830608896172865,23.29937065569355
0.1429882975613151,0.19595251240753225,,0.5008830999722704,prepare,missed_window,0,1,2.5,0.22592400135282054,,D,12.841169867309755,missed_window,0.0,0,D_short_window_prepare_i1,0.0,0,short_window,0.026250471938383625,0,FAILED,7.346169114969006,18.64178968078093
0.14062375736733068,0.1983170526015167,,0.4869192999904044,prepare,missed_window,0,2,2.5,0.24120858030549872,,D,10.204875000000012,missed_window,0.0,0,D_short_window_prepare_i2,0.0,0,short_window,0.021739048374612928,0,FAILED,10.101435789281403,21.72466082102608
0.0,0.0,3.65,0.49516940000467,none,,0,0,2.5,0.1896238766049646,0.6500000000000001,E,11.611810871989345,completed,0.0,0,E_ample_none_i0,3.799955392668559,7,ample,0.0,1,SUCCESS,5.702752187528173,1.661154908198704
0.0,0.0,5.15,0.364723100035917,none,,0,1,2.5000000000000004,0.21508527725864438,2.15,E,10.559670955508562,completed,0.0,0,E_ample_none_i1,4.107532487605835,9,ample,0.0,1,SUCCESS,2.4555803295691607,2.1040973073643774
0.0,0.0,4.25,0.41802799998549744,none,,0,2,2.5,0.18114428692191945,1.2500000000000002,E,11.067089743210968,completed,0.0,0,E_ample_none_i2,4.168377049760566,7,ample,0.0,1,SUCCESS,5.076214967793212,1.9760657464658247
0.0,0.0,3.65,0.3789667999953963,prepare,,0,0,2.500000000000002,0.2937104623205287,0.6500000000000001,E,11.6546940351902,completed,0.0,0,E_ample_prepare_i0,3.799955392668559,7,ample,0.0,1,SUCCESS,8.085650760960625,5.658333442588477
0.0,0.0,5.1000000000000005,0.421633500023745,prepare,,0,1,2.500000000000002,0.30024197742304237,2.1,E,10.855109552732198,completed,0.0,0,E_ample_prepare_i1,3.514161539302636,9,ample,0.0,1,SUCCESS,5.94531877512223,5.459779416585838
0.0,0.0,4.25,0.36674439994385466,prepare,,0,2,2.500000000000002,0.2739115542842472,1.2500000000000002,E,11.219506381142363,completed,0.0,0,E_ample_prepare_i2,4.113805850828682,7,ample,0.0,1,SUCCESS,7.459050395669568,5.618732473349038
0.0,0.0,,0.47533990000374615,none,started_but_failed,0,0,2.5,0.1966443761098873,3.85,E,15.932323952278534,started_but_failed,0.0,0,E_collaborative_none_i0,0.0,0,collaborative,0.0,0,FAILED,8.249957975251345,8.314610166316688
0.0,0.0,,0.5507226000190713,none,started_but_failed,0,1,2.5,0.30366920394616936,2.6,E,9.600323899503547,started_but_failed,0.0,0,E_collaborative_none_i1,4.485781253483378,12,collaborative,0.0,0,FAILED,6.564831247024699,7.862311198155359
0.0,0.0,,0.3505425999755971,none,started_but_failed,0,2,2.5,0.15671355176657872,3.6,E,8.82944307217242,started_but_failed,0.0,0,E_collaborative_none_i2,0.0,0,collaborative,0.0,0,FAILED,7.335070705384201,7.062784213273039
0.0,0.0,,0.28093869995791465,prepare,started_but_failed,0,0,2.5,0.28863138960009155,4.95,E,15.868809498259633,started_but_failed,0.0,0,E_collaborative_prepare_i0,0.0,0,collaborative,0.0,0,FAILED,10.663230308940953,13.44409342832622
0.0,0.0,,0.3582721000420861,prepare,started_but_failed,0,1,2.500000000000001,0.4470776980544227,2.55,E,9.765676583346686,started_but_failed,0.0,0,E_collaborative_prepare_i1,3.9652524324065914,9,collaborative,0.0,0,FAILED,11.690618890856129,13.09944873742472
0.0,0.0,,0.3309818999841809,prepare,started_but_failed,0,2,2.5,0.2602441222720328,4.9,E,16.1647528499205,started_but_failed,0.0,0,E_collaborative_prepare_i2,0.0,0,collaborative,0.0,0,FAILED,9.46377581545914,12.121103327783734
0.0,0.0,,0.352083700010553,none,missed_window,0,0,2.500000000000002,0.21729705812267155,,E,13.001562500000073,missed_window,0.0,0,E_short_window_none_i0,0.0,0,short_window,0.0,0,FAILED,7.768459476195582,9.75718638883539
0.0,0.0,,0.43714160000672564,none,missed_window,0,1,2.5,0.258802041732847,,E,12.868593750000098,missed_window,0.0,0,E_short_window_none_i1,0.0,0,short_window,0.0,0,FAILED,4.472901234131663,6.032082062331342
0.0,0.0,,0.46232539997436106,none,missed_window,0,2,2.5,0.16804331146755727,,E,10.205156250000012,missed_window,0.0,0,E_short_window_none_i2,0.0,0,short_window,0.0,0,FAILED,5.814770134908169,7.578006136304214
0.0,0.0,,0.4457727000117302,prepare,missed_window,0,0,2.500000000000002,0.3307210093722606,,E,13.001562500000073,missed_window,0.0,0,E_short_window_prepare_i0,0.0,0,short_window,0.0,0,FAILED,10.66077356086258,14.966600714061416
0.0,0.0,,0.4875944000086747,prepare,missed_window,0,1,2.5,0.4108450386704228,,E,12.868593750000098,missed_window,0.0,0,E_short_window_prepare_i1,0.0,0,short_window,0.0,0,FAILED,7.94110294569889,11.001603250636855
0.0,0.0,,0.4108045000466518,prepare,missed_window,0,2,2.5,0.2623659213909514,,E,10.205156250000012,missed_window,0.0,0,E_short_window_prepare_i2,0.0,0,short_window,0.0,0,FAILED,8.381297341834795,12.653367881537669
