run_id,method,ablation,scenario,disturbance,init_variant,outcome,success,task_phase,failure_type,merge_start_time_s,completion_time_s,physical_target_gap_m,physical_gap_floor_m,min_net_gap_m,hard_violation_count,road_violation_count,safety_recheck_violation_count,safety_correction_count,action_saturation_count,safety_correction_abs_mean_mps2,max_abs_jerk_mps3,mean_abs_jerk_mps3,compute_time_s,pair_gain_total_error_max_s-1,space_feedback_abs_mean_s-1,partner_feedback_abs_mean_s-1,effective_q_delta_abs_mean_s-1,q_saturation_fraction,space_feedback_prepare_mean_s-1,space_feedback_execute_mean_s-1,space_feedback_failure_handling_mean_s-1,mean_spatial_reference_offset_m,K_MR_mean_s-1,K_RM_mean_s-1,total_speed_deficit_distance_m,total_speed_deficit_integral_m_s,total_effort_integral_m2_s3
A_ample_none_i0,A,,ample,none,0,completed,1,SUCCESS_RELEASE,,1.2000000000000002,4.2,30.2,21.400000000000002,8.629978079723198,0,0,0,0,12,0.0,2.5,0.07947328676095843,0.14971919998060912,0.0,0.0,0.0,0.0,0.0,0.0,0.0,0.0,0.0,0.0,0.0,0.005911843955153808,0.005911843955153808,3.292036414711439
A_ample_none_i1,A,,ample,none,1,missed_window,0,FAILURE_HANDLING,missed_window,,,30.2,21.400000000000002,19.658754488362046,0,0,0,0,20,0.0,2.5,0.11637934410392403,0.3264142000116408,0.0,0.0,0.0,0.0,0.0,0.0,0.0,0.0,0.0,0.0,0.0,0.009744353676458496,0.009744353676458496,2.987099410773766
A_ample_none_i2,A,,ample,none,2,started_but_failed,0,FAILURE_HANDLING,started_but_failed,1.85,,27.2,21.400000000000002,8.548826578804675,0,0,0,0,16,0.0,2.5,0.09009345843125183,0.15975709998747334,0.0,0.0,0.0,0.0,0.0,0.0,0.0,0.0,0.0,0.0,0.0,1.0488185403427415,1.0488185403427415,3.6644534178212256
A_ample_prepare_i0,A,,ample,prepare,0,completed,1,SUCCESS_RELEASE,,1.2000000000000002,4.2,30.2,21.400000000000002,8.629978079723198,0,0,0,0,43,0.0,2.500000000000002,0.18337736756370182,0.1388814999954775,0.0,0.0,0.0,0.0,0.0,0.0,0.0,0.0,0.0,0.0,0.0,2.2967174549032094,2.2967174549032094,6.022365979059923
A_ample_prepare_i1,A,,ample,prepare,1,missed_window,0,FAILURE_HANDLING,missed_window,,,30.2,21.400000000000002,19.348803602559666,0,0,0,0,46,0.0,2.500000000000002,0.21281181913326397,0.3579768000054173,0.0,0.0,0.0,0.0,0.0,0.0,0.0,0.0,0.0,0.0,0.0,2.3942675565834604,2.3942675565834604,5.224043134167492
A_ample_prepare_i2,A,,ample,prepare,2,started_but_failed,0,FAILURE_HANDLING,started_but_failed,1.85,,27.2,21.400000000000002,8.559753778127142,0,0,0,0,46,0.0,2.500000000000002,0.18770713175332923,0.16485260002082214,0.0,0.0,0.0,0.0,0.0,0.0,0.0,0.0,0.0,0.0,0.0,3.103576407991033,3.103576407991033,6.107956349265126
A_collaborative_none_i0,A,,collaborative,none,0,missed_window,0,FAILURE_HANDLING,missed_window,,,21.400000000000002,21.400000000000002,17.670310920674705,0,0,0,0,27,0.0,2.5,0.12549480996917922,0.3451862000511028,0.0,0.0,0.0,0.0,0.0,0.0,0.0,0.0,0.0,0.0,0.0,0.8211056791869404,0.8211056791869404,4.253237037242199
A_collaborative_none_i1,A,,collaborative,none,1,missed_window,0,FAILURE_HANDLING,missed_window,,,21.400000000000002,21.400000000000002,17.667416323333622,0,0,0,0,12,0.0,2.500000000000001,0.08141017478663595,0.35780409997096285,0.0,0.0,0.0,0.0,0.0,0.0,0.0,0.0,0.0,0.0,0.0,0.6741192594841452,0.6741192594841452,1.0608358944301262
A_collaborative_none_i2,A,,collaborative,none,2,completed,1,SUCCESS_RELEASE,,1.8,4.8,21.400000000000002,21.400000000000002,7.701632183159728,0,0,0,0,100,0.0,2.500000000000002,0.29773286772138347,0.18549450003774837,0.0,0.0,0.0,0.0,0.0,0.0,0.0,0.0,0.0,0.0,0.0,10.547311877843692,10.547311877843692,14.073845061054637
A_collaborative_prepare_i0,A,,collaborative,prepare,0,missed_window,0,FAILURE_HANDLING,missed_window,,,21.400000000000002,21.400000000000002,17.447636972083,0,0,0,0,56,0.0,2.5,0.22445209393100257,0.33415459998650476,0.0,0.0,0.0,0.0,0.0,0.0,0.0,0.0,0.0,0.0,0.0,4.201976699364988,4.201976699364988,6.422795860675384
A_collaborative_prepare_i1,A,,collaborative,prepare,1,missed_window,0,FAILURE_HANDLING,missed_window,,,21.400000000000002,21.400000000000002,17.46785737794438,0,0,0,0,39,0.0,2.5,0.17710408885877915,0.37066600000252947,0.0,0.0,0.0,0.0,0.0,0.0,0.0,0.0,0.0,0.0,0.0,3.237467105778795,3.237467105778795,2.728536174163633
A_collaborative_prepare_i2,A,,collaborative,prepare,2,started_but_failed,0,FAILURE_HANDLING,started_but_failed,1.8,,21.400000000000002,21.400000000000002,7.635762507122547,0,0,22,36,199,3.778404095439086,2.5,0.5190152412692934,0.21441690000938252,0.0,0.0,0.0,0.0,0.0,0.0,0.0,0.0,0.0,0.0,0.0,26.35481170784701,26.35481170784701,23.2308009259252
A_short_window_none_i0,A,,short_window,none,0,started_but_failed,0,FAILURE_HANDLING,started_but_failed,2.85,,21.400000000000002,21.400000000000002,7.064106579994257,0,0,37,40,242,1.4401904834188601,2.5,0.6671723416273153,0.26053039997350425,0.0,0.0,0.0,0.0,0.0,0.0,0.0,0.0,0.0,0.0,0.0,78.58901300848052,78.58901300848052,81.38785714198052
A_short_window_none_i1,A,,short_window,none,1,missed_window,0,FAILURE_HANDLING,missed_window,,,21.400000000000002,21.400000000000002,11.910841327548649,0,0,0,0,151,0.0,2.5,0.4159957709963148,0.4035470000235364,0.0,0.0,0.0,0.0,0.0,0.0,0.0,0.0,0.0,0.0,0.0,41.590314750440825,41.590314750440825,50.52344064245487
A_short_window_none_i2,A,,short_window,none,2,started_but_failed,0,FAILURE_HANDLING,started_but_failed,2.9,,21.400000000000002,21.400000000000002,7.175976683573521,0,0,0,0,190,0.0,2.5,0.5323423848026115,0.25466039997991174,0.0,0.0,0.0,0.0,0.0,0.0,0.0,0.0,0.0,0.0,0.0,63.312076100260384,63.312076100260384,70.30095770919075
A_short_window_prepare_i0,A,,short_window,prepare,0,started_but_failed,0,FAILURE_HANDLING,started_but_failed,3.0,,21.400000000000002,21.400000000000002,6.424888713632936,0,0,49,52,287,1.8696804395901465,2.5,0.7761348051433206,0.26515250001102686,0.0,0.0,0.0,0.0,0.0,0.0,0.0,0.0,0.0,0.0,0.0,98.22631960486105,98.22631960486105,93.69444145959315
A_short_window_prepare_i1,A,,short_window,prepare,1,missed_window,0,FAILURE_HANDLING,missed_window,,,21.400000000000002,21.400000000000002,11.807275803902439,0,0,0,0,183,0.0,2.5,0.49122820968911407,0.43879360001301393,0.0,0.0,0.0,0.0,0.0,0.0,0.0,0.0,0.0,0.0,0.0,44.899800825005855,44.899800825005855,53.849246788663336
A_short_window_prepare_i2,A,,short_window,prepare,2,started_but_failed,0,FAILURE_HANDLING,started_but_failed,3.05,,21.400000000000002,21.400000000000002,7.044876021369828,0,0,34,37,267,2.1285290540396327,2.5,0.7200502832445433,0.26925209996988997,0.0,0.0,0.0,0.0,0.0,0.0,0.0,0.0,0.0,0.0,0.0,83.7832480830722,83.7832480830722,85.05308812209725
B_ample_none_i0,B,,ample,none,0,completed,1,SUCCESS_RELEASE,,1.2500000000000002,4.25,30.2,21.400000000000002,8.406829090500349,0,0,0,4,45,3.0636643092197784,2.5,0.13566530226883916,0.1630074999993667,0.0,0.0,0.0,0.06299999999999999,0.115625,0.0,0.0,0.0,0.2963024999999998,0.0,0.0,0.19320978648709838,0.19320978648709838,5.967772290078752
B_ample_none_i1,B,,ample,none,1,missed_window,0,FAILURE_HANDLING,missed_window,,,30.2,21.400000000000002,19.689827320359097,0,0,0,0,55,0.0,2.5,0.1755196892683632,0.33540320000611246,0.0,0.0,0.0,0.06299999999999999,0.1375,0.0,0.0,0.0,0.4228958437499995,0.0,0.0,0.00427264145982349,0.00427264145982349,11.067873829224107
B_ample_none_i2,B,,ample,none,2,started_but_failed,0,FAILURE_HANDLING,started_but_failed,1.7000000000000002,,27.2,21.400000000000002,7.577056313731316,0,0,26,28,155,2.746875077051059,2.500000000000001,0.4563349896408727,0.17290280002634972,0.0,0.0,0.0,0.06299999999999999,0.14375,0.0,0.0,0.0,0.3303013124999996,0.0,0.0,43.4327127590832,43.4327127590832,49.16911847509604
B_ample_prepare_i0,B,,ample,prepare,0,completed,1,SUCCESS_RELEASE,,1.2500000000000002,4.25,30.2,21.400000000000002,8.368073733032684,0,0,0,10,97,2.5257937800949946,2.5000000000000044,0.3158647003272931,0.1692503000376746,0.0,0.0,0.0,0.06299999999999999,0.115625,0.0,0.0,0.0,0.2963024999999998,0.0,0.0,8.472590303097023,8.472590303097023,14.548291819423797
B_ample_prepare_i1,B,,ample,prepare,1,missed_window,0,FAILURE_HANDLING,missed_window,,,30.2,21.400000000000002,19.367335055384682,0,0,0,0,82,0.0,2.500000000000002,0.27270535926173245,0.36523410002700984,0.0,0.0,0.0,0.06299999999999999,0.140625,0.0,0.0,0.0,0.4228958437499995,0.0,0.0,2.358455081155877,2.358455081155877,13.03047717911867
B_ample_prepare_i2,B,,ample,prepare,2,completed,1,SUCCESS_RELEASE,,1.7000000000000002,4.7,27.2,21.400000000000002,7.1768546592275415,0,0,30,32,191,2.6361720559207362,2.500000000000002,0.5805855950344082,0.1781926999683492,0.0,0.0,0.0,0.06299999999999999,0.14375,0.0,0.0,0.0,0.3303013124999996,0.0,0.0,67.32197444698852,67.32197444698852,63.6497381852635
B_collaborative_none_i0,B,,collaborative,none,0,missed_window,0,FAILURE_HANDLING,missed_window,,,21.400000000000002,21.400000000000002,17.671632369311407,0,0,0,0,34,0.0,2.500000000000002,0.14899060514408727,0.41710739996051416,0.0,0.0,0.0,0.06299999999999999,0.153125,0.0,0.0,0.0,0.16667015625000003,0.0,0.0,1.0418818476014282,1.0418818476014282,4.050766661568887
B_collaborative_none_i1,B,,collaborative,none,1,missed_window,0,FAILURE_HANDLING,missed_window,,,21.400000000000002,21.400000000000002,17.682784926469434,0,0,0,0,26,0.0,2.5,0.11128968967851502,0.39463230001274496,0.0,0.0,0.0,0.06299999999999999,0.15625,0.0,0.0,0.0,0.29326349999999984,0.0,0.0,0.8744548342047704,0.8744548342047704,2.907435065456027
B_collaborative_none_i2,B,,collaborative,none,2,missed_window,0,FAILURE_HANDLING,missed_window,,,21.400000000000002,21.400000000000002,17.780439218138792,0,0,0,0,96,0.0,2.5,0.2524343939745331,0.4062623999780044,0.0,0.0,0.0,0.06299999999999999,0.1625,0.0,0.0,0.0,0.20066896874999984,0.0,0.0,5.200515758550392,5.200515758550392,8.950371839388142
B_collaborative_prepare_i0,B,,collaborative,prepare,0,missed_window,0,FAILURE_HANDLING,missed_window,,,21.400000000000002,21.400000000000002,17.45354334073114,0,0,0,0,63,0.0,2.5,0.24981070590219004,0.3691854000207968,0.0,0.0,0.0,0.06299999999999999,0.15625,0.0,0.0,0.0,0.16667015625000003,0.0,0.0,4.420789152828294,4.420789152828294,6.329629375585903
B_collaborative_prepare_i1,B,,collaborative,prepare,1,missed_window,0,FAILURE_HANDLING,missed_window,,,21.400000000000002,21.400000000000002,17.490567484048892,0,0,0,0,54,0.0,2.5,0.21343620455490178,0.38489709998248145,0.0,0.0,0.0,0.06299999999999999,0.159375,0.0,0.0,0.0,0.2932634999999998,0.0,0.0,3.4193215410993494,3.4193215410993494,4.722940800057981
B_collaborative_prepare_i2,B,,collaborative,prepare,2,missed_window,0,FAILURE_HANDLING,missed_window,,,21.400000000000002,21.400000000000002,17.553048240411567,0,0,0,0,116,0.0,2.5,0.3225858922073722,0.3658751000184566,0.0,0.0,0.0,0.06299999999999999,0.165625,0.0,0.0,0.0,0.20066896874999984,0.0,0.0,9.341659742647886,9.341659742647886,9.921924934380794
B_short_window_none_i0,B,,short_window,none,0,started_but_failed,0,FAILURE_HANDLING,started_but_failed,3.05,,21.400000000000002,21.400000000000002,7.072077649216976,0,0,13,21,157,6.996657895300707,2.5,0.47105901251939936,0.23673179995967075,0.0,0.0,0.0,0.06299999999999999,0.190625,0.0,0.0,0.0,0.09734296874999995,0.0,0.0,46.01754178546619,46.01754178546619,33.64854754348433
B_short_window_none_i1,B,,short_window,none,1,missed_window,0,FAILURE_HANDLING,missed_window,,,21.400000000000002,21.400000000000002,12.868593750000098,0,0,0,0,109,0.0,2.5,0.3774392200475874,0.3529829000472091,0.0,0.0,0.0,0.06299999999999999,0.19375,0.0,0.0,0.0,0.2239363125000003,0.0,0.0,22.312852637307113,22.312852637307113,28.046476745759623
B_short_window_none_i2,B,,short_window,none,2,missed_window,0,FAILURE_HANDLING,missed_window,,,21.400000000000002,21.400000000000002,10.205156250000012,0,0,0,0,139,0.0,2.5,0.44040467000894096,0.37926410004729405,0.0,0.0,0.0,0.06299999999999999,0.2,0.0,0.0,0.0,0.13134178125000032,0.0,0.0,35.37917882839718,35.37917882839718,45.80318233301324
B_short_window_prepare_i0,B,,short_window,prepare,0,started_but_failed,0,FAILURE_HANDLING,started_but_failed,3.2,,21.400000000000002,21.400000000000002,6.724010333588024,0,0,36,39,217,6.093038909256831,2.5,0.6411324261382509,0.27748270001029596,0.0,0.0,0.0,0.06299999999999999,0.196875,0.0,0.0,0.0,0.09734296874999995,0.0,0.0,62.02424283374061,62.02424283374061,50.598037556175925
B_short_window_prepare_i1,B,,short_window,prepare,1,missed_window,0,FAILURE_HANDLING,missed_window,,,21.400000000000002,21.400000000000002,12.868593750000098,0,0,0,0,147,0.0,2.5,0.45498474349840434,0.37324420001823455,0.0,0.0,0.0,0.06299999999999999,0.2,0.0,0.0,0.0,0.2239363125000003,0.0,0.0,31.65093217373608,31.65093217373608,37.539300277804905
B_short_window_prepare_i2,B,,short_window,prepare,2,started_but_failed,0,FAILURE_HANDLING,started_but_failed,3.25,,21.400000000000002,21.400000000000002,6.480160464788821,0,0,26,31,211,8.654905817399559,2.5,0.6269958273342007,0.25472259998787194,0.0,0.0,0.0,0.06299999999999999,0.209375,0.0,0.0,0.0,0.13134178125000032,0.0,0.0,78.17436920725034,78.17436920725034,49.84589553359165
C_ample_none_i0,C,,ample,none,0,completed,1,SUCCESS_RELEASE,,1.2500000000000002,4.25,30.2,21.400000000000002,8.379654932471919,0,0,0,4,45,3.608647786905199,2.5,0.13164070617192203,0.13703360001090914,0.0,0.01170787040315992,0.0005051604906694226,0.06320579725048762,0.115625,0.0022515653677963672,0.009093000580410909,0.0,0.29652456387254256,0.04501557632398753,0.04501557632398753,0.046097010087613716,0.046097010087613716,5.693533076498518
C_ample_none_i1,C,,ample,none,1,missed_window,0,FAILURE_HANDLING,missed_window,,,30.2,21.400000000000002,19.683684504797053,0,0,0,0,51,0.0,2.500000000000001,0.16921564647852166,0.34959930001059547,0.0,0.01729966199247121,0.0003640293192951,0.06337629094712356,0.13125,0.012015099152316041,0.0,0.019977872240527873,0.4405837465228174,0.049252336448598125,0.049252336448598125,0.005241281791098373,0.005241281791098373,9.861884333359463
C_ample_none_i2,C,,ample,none,2,started_but_failed,0,FAILURE_HANDLING,started_but_failed,1.7000000000000002,,27.2,21.400000000000002,7.662693835113271,0,0,24,27,153,2.7374056616571867,2.500000000000001,0.4493059112975749,0.1627598999766633,0.0,0.006216150314701204,0.0006102738963022502,0.06311786094544883,0.14375,0.0030101927524759163,0.010393314376491016,0.006453585536935678,0.3314377547570431,0.04978193146417444,0.04978193146417444,40.64765782440133,40.64765782440133,46.90539951545601
C_ample_prepare_i0,C,,ample,prepare,0,completed,1,SUCCESS_RELEASE,,1.2500000000000002,4.25,30.2,21.400000000000002,8.375120657212886,0,0,0,10,97,2.5281336564319106,2.5000000000000044,0.31566596789780776,0.15414340002462268,0.0,0.006972321323581917,0.0005159531831497861,0.06323124614165981,0.115625,0.0022515653677963672,0.010254716817113171,0.0,0.2964803460736206,0.04501557632398753,0.04501557632398753,8.461059725049196,8.461059725049196,14.524368809148873
C_ample_prepare_i1,C,,ample,prepare,1,missed_window,0,FAILURE_HANDLING,missed_window,,,30.2,21.400000000000002,19.363726379612967,0,0,0,0,77,0.0,2.5000000000000044,0.26687692461040086,0.38983030000235885,0.0,0.016802506423428468,0.00038948618781702027,0.06342216054741254,0.134375,0.012550876385043807,0.0,0.019122368386745303,0.44048196980136234,0.04978193146417444,0.04978193146417444,2.3661156151063203,2.3661156151063203,11.729716076758997
C_ample_prepare_i2,C,,ample,prepare,2,completed,1,SUCCESS_RELEASE,,1.7000000000000002,4.7,27.2,21.400000000000002,7.232102687836556,0,0,29,31,188,2.6022730001028154,2.500000000000002,0.5718479473753224,0.17542200000025332,0.0,0.00704771700160039,0.0005792897648075646,0.06313401397723972,0.14375,0.003011761852074055,0.011562316408911321,0.0,0.3313745825854498,0.04978193146417444,0.04978193146417444,61.30343225302755,61.30343225302755,59.59603776051114
C_collaborative_none_i0,C,,collaborative,none,0,missed_window,0,FAILURE_HANDLING,missed_window,,,21.400000000000002,21.400000000000002,17.6716912274136,0,0,0,0,34,0.0,2.5,0.14895408013551334,0.36943139997310936,0.0,0.00330088224317046,0.0005858864687240857,0.0628464591931893,0.153125,0.005582628895636547,0.0,0.0031491075557377114,0.166052685732337,0.05137071651090342,0.05137071651090342,1.0455959576598808,1.0455959576598808,4.048472726969841
C_collaborative_none_i1,C,,collaborative,none,1,missed_window,0,FAILURE_HANDLING,missed_window,,,21.400000000000002,21.400000000000002,17.681910255922116,0,0,0,0,24,0.0,2.5,0.10967670354132311,0.4226963999681175,0.0,0.004709697289442857,0.00047121275482114546,0.0636042025821568,0.15,0.005882928117855543,0.0,0.004871010173939808,0.2991509812086869,0.05190031152647974,0.05190031152647974,0.8666238344187848,0.8666238344187848,2.7846303271155106
C_collaborative_none_i2,C,,collaborative,none,2,missed_window,0,FAILURE_HANDLING,missed_window,,,21.400000000000002,21.400000000000002,17.780663376810832,0,0,0,0,94,0.0,2.5,0.25160743299462507,0.43717930000275373,0.0,0.011536526343949633,0.0005692481804261441,0.0629721835402367,0.1625,0.007312082455502154,0.0,0.014284725464772876,0.19970665504096421,0.0529595015576324,0.0529595015576324,5.218142268940125,5.218142268940125,8.903476976904539
C_collaborative_prepare_i0,C,,collaborative,prepare,0,missed_window,0,FAILURE_HANDLING,missed_window,,,21.400000000000002,21.400000000000002,17.453637118872688,0,0,0,0,63,0.0,2.5,0.2500140980988253,0.3859126000315882,0.0,0.003097008429104371,0.0005551763126551273,0.06340663872234321,0.15625,0.005844252407097872,0.0,0.002684515231835351,0.166032221758661,0.05190031152647974,0.05190031152647974,4.424956802860635,4.424956802860635,6.331157447558613
C_collaborative_prepare_i1,C,,collaborative,prepare,1,missed_window,0,FAILURE_HANDLING,missed_window,,,21.400000000000002,21.400000000000002,17.489274320590834,0,0,0,0,53,0.0,2.5,0.2109050640514102,0.38324370002374053,0.0,0.0039904070261272285,0.0004444723473438412,0.0629906015597598,0.15625,0.005712514793964808,0.0,0.003862544954335865,0.2990863466665467,0.05242990654205607,0.05242990654205607,3.4076501984679464,3.4076501984679464,4.494097664691927
C_collaborative_prepare_i2,C,,collaborative,prepare,2,missed_window,0,FAILURE_HANDLING,missed_window,,,21.400000000000002,21.400000000000002,17.55388071834245,0,0,0,0,114,0.0,2.5,0.32285457859609784,0.3997443000553176,0.0,0.010169382625245903,0.0005413170557176375,0.06340536284985576,0.165625,0.006931079109405542,0.0,0.012453812364650105,0.19967844644988092,0.053489096573208716,0.053489096573208716,9.359375995434101,9.359375995434101,9.897681154345548
C_short_window_none_i0,C,,short_window,none,0,missed_window,0,FAILURE_HANDLING,missed_window,,,21.400000000000002,21.400000000000002,13.001562500000073,0,0,0,0,116,0.0,2.5,0.383953570999611,0.42344610003056005,0.0,0.030507528998101007,0.002962374903826882,0.06288162348619879,0.184375,0.04221261032982467,0.0,0.02901607232545217,0.09870585162109846,0.05719626168224299,0.05719626168224299,24.275032014751968,24.275032014751968,34.25209755478282
C_short_window_none_i1,C,,short_window,none,1,missed_window,0,FAILURE_HANDLING,missed_window,,,21.400000000000002,21.400000000000002,12.868593750000098,0,0,0,0,103,0.0,2.5,0.35492209918780127,0.3554803999722935,0.0,0.03851466456729781,0.0030952914374062527,0.0628125941668074,0.184375,0.05256483810252816,0.0,0.03587168442965334,0.23278495817250536,0.05825545171339563,0.05825545171339563,20.255774950789483,20.255774950789483,23.428283121476845
C_short_window_none_i2,C,,short_window,none,2,missed_window,0,FAILURE_HANDLING,missed_window,,,21.400000000000002,21.400000000000002,10.205156250000012,0,0,0,0,118,0.0,2.5,0.39902522498877097,0.3525311999837868,0.0,0.042304534191572096,0.004087055749141014,0.06311987305821207,0.19375,0.061610880052283615,0.0,0.03819658757294438,0.13357812631716398,0.059314641744548285,0.059314641744548285,31.23496665056396,31.23496665056396,35.60758372097314
C_short_window_prepare_i0,C,,short_window,prepare,0,started_but_failed,0,FAILURE_HANDLING,started_but_failed,3.25,,21.400000000000002,21.400000000000002,6.888512455656195,0,0,3,17,200,7.100289286777438,2.5,0.5633042735083122,0.253167399961967,0.0,0.15958162801739223,0.0031514526591194573,0.06282335676448814,0.196875,0.06237448757941035,0.052393691239936174,0.21902759920935128,0.09871646817805965,0.059314641744548285,0.059314641744548285,53.65680255350369,53.65680255350369,40.3035591272135
C_short_window_prepare_i1,C,,short_window,prepare,1,missed_window,0,FAILURE_HANDLING,missed_window,,,21.400000000000002,21.400000000000002,12.868593750000098,0,0,0,0,141,0.0,2.5000000000000044,0.4498242099491684,0.44897869997657835,0.0,0.04162255329182733,0.0032971823283816904,0.06276726183168077,0.190625,0.05736933796038276,0.0,0.03821610359088471,0.23280033685028365,0.059314641744548285,0.059314641744548285,27.69907773339771,27.69907773339771,31.784756642145826
C_short_window_prepare_i2,C,,short_window,prepare,2,missed_window,0,FAILURE_HANDLING,missed_window,,,21.400000000000002,21.400000000000002,10.205156250000012,0,0,0,0,163,0.0,2.5,0.5041714704065434,0.4605110000120476,0.0,0.04534484623059371,0.004361470766513549,0.06300578578363045,0.2,0.06496384086306124,0.0,0.04126283291594825,0.13359700711354522,0.06037383177570093,0.06037383177570093,39.376471052263746,39.376471052263746,46.32092048304941
D_ample_none_i0,D,,ample,none,0,completed,1,SUCCESS_RELEASE,,1.2500000000000002,4.25,30.2,21.400000000000002,8.397269519002844,0,0,0,4,45,2.994395160545036,2.5,0.13344305269891593,0.16270010004518554,0.0,0.01157167518588972,0.0005046645433582775,0.06323468128559896,0.115625,0.0022512695580116427,0.009095963991310303,0.0,0.2964656888948251,0.039938259601213666,0.050092893046761414,0.11698319404095797,0.11698319404095797,5.817847197702319
D_ample_none_i1,D,,ample,none,1,missed_window,0,FAILURE_HANDLING,missed_window,,,30.2,21.400000000000002,19.683684504797053,0,0,0,0,51,0.0,2.5,0.16918713717481978,0.353218000032939,0.0,0.01735134755729697,0.00036345482098052676,0.06342243281321515,0.13125,0.012031872653954081,0.0,0.02004305111996066,0.44038017478485586,0.041395533108414324,0.057109139788781946,0.005241281791098373,0.005241281791098373,9.8844645273002
D_ample_none_i2,D,,ample,none,2,started_but_failed,0,FAILURE_HANDLING,started_but_failed,1.7000000000000002,,27.2,21.400000000000002,7.654994094904407,0,0,24,28,155,2.7906561891608535,2.500000000000001,0.45936661973824516,0.20664429996395484,0.0,0.005977739212892982,0.0006096124777890358,0.06258886064186922,0.14375,0.0030092125121572322,0.010405420656603553,0.006112009186764101,0.33136627613930364,0.042172444082354675,0.057391418845994246,46.07847167086715,46.07847167086715,50.763042572972026
D_ample_prepare_i0,D,,ample,prepare,0,completed,1,SUCCESS_RELEASE,,1.2500000000000002,4.25,30.2,21.400000000000002,8.37049714887213,0,0,0,10,97,2.5262571500461837,2.500000000000002,0.31577856980922675,0.14980209997156635,0.0,0.0069783149880958874,0.000515326812735153,0.06326205770155727,0.115625,0.0022512695580116427,0.010257727122912168,0.0,0.2964229957998793,0.03960430347834743,0.05042684916962764,8.46781305102188,8.46781305102188,14.538935833261853
D_ample_prepare_i1,D,,ample,prepare,1,missed_window,0,FAILURE_HANDLING,missed_window,,,30.2,21.400000000000002,19.363726379612967,0,0,0,0,77,0.0,2.5000000000000044,0.267066311641826,0.3518185000284575,0.0,0.01684517420575004,0.0003888119936000409,0.06346665675945243,0.134375,0.012567560513468582,0.0,0.019174888918256545,0.4402806719964084,0.04231264584862115,0.05725121707972778,2.3661156151063203,2.3661156151063203,11.750513412257908
D_ample_prepare_i2,D,,ample,prepare,2,completed,1,SUCCESS_RELEASE,,1.7000000000000002,4.7,27.2,21.400000000000002,7.226570513637978,0,0,29,31,188,2.598959859144401,2.500000000000002,0.5718673639832202,0.19825880002463236,0.0,0.00704816770313729,0.0005787736883218825,0.0631630638107605,0.14375,0.0030107809552162522,0.01157327952017756,0.0,0.3313053540479094,0.042181256571947705,0.05738260635640122,61.28611785048064,61.28611785048064,59.57771282907864
D_collaborative_none_i0,D,,collaborative,none,0,missed_window,0,FAILURE_HANDLING,missed_window,,,21.400000000000002,21.400000000000002,17.67169995838999,0,0,0,0,34,0.0,2.500000000000001,0.1490457231083569,0.3526638000039384,0.0,0.0033051563779788406,0.0005848844562613664,0.06290022883397724,0.153125,0.0055814516425406625,0.0,0.003154315056638664,0.16597988603941885,0.04475201843543326,0.0579894145863736,1.046266776363286,1.046266776363286,4.0494714458912435
D_collaborative_none_i1,D,,collaborative,none,1,missed_window,0,FAILURE_HANDLING,missed_window,,,21.400000000000002,21.400000000000002,17.681929219139885,0,0,0,0,24,0.0,2.5,0.10984992478842884,0.34138090000487864,0.0,0.004723403284491908,0.00047063774039870777,0.0636400348161241,0.15,0.005885840320037094,0.0,0.0048886521468529814,0.29908514473615944,0.04621136605779435,0.05758925699516517,0.8670468087106813,0.8670468087106813,2.7912062898292826
D_collaborative_none_i2,D,,collaborative,none,2,missed_window,0,FAILURE_HANDLING,missed_window,,,21.400000000000002,21.400000000000002,17.780729922433704,0,0,0,0,94,0.0,2.5,0.2516909761793495,0.396784899989143,0.0,0.011537179353552354,0.0005678179218699718,0.06303544314948181,0.1625,0.007309305643005287,0.0,0.014284857108339166,0.19958230561377294,0.04602470851848853,0.05989429459677628,5.220114991244335,5.220114991244335,8.901240140541297
D_collaborative_prepare_i0,D,,collaborative,prepare,0,missed_window,0,FAILURE_HANDLING,missed_window,,,21.400000000000002,21.400000000000002,17.45365933275418,0,0,0,0,63,0.0,2.5,0.2501262354858854,0.37329009996028617,0.0,0.0031003061402775775,0.0005542801883433731,0.06289643445811474,0.15625,0.005843404873257895,0.0,0.002688351115222659,0.16595940705294704,0.045188012020761364,0.05861261103219815,4.425579927783711,4.425579927783711,6.332179062570244
D_collaborative_prepare_i1,D,,collaborative,prepare,1,missed_window,0,FAILURE_HANDLING,missed_window,,,21.400000000000002,21.400000000000002,17.48930148136726,0,0,0,0,53,0.0,2.5,0.2109869806824353,0.343284800008405,0.0,0.003996034027304087,0.00044412789569692207,0.06301285254318804,0.15625,0.005714776047619465,0.0,0.0038691809350497545,0.2990363330548109,0.04729115350879395,0.05756865957531821,3.4079188458826426,3.4079188458826426,4.497351344338663
D_collaborative_prepare_i2,D,,collaborative,prepare,2,missed_window,0,FAILURE_HANDLING,missed_window,,,21.400000000000002,21.400000000000002,17.554016854515236,0,0,0,0,114,0.0,2.500000000000002,0.3229724730361224,0.33596139994915575,0.0,0.010170391568086377,0.0005400627364101797,0.0629089408130374,0.165625,0.0069304701203464466,0.0,0.012453734681661674,0.1995557282808443,0.04668479918016902,0.06029339396624844,9.361062934263757,9.361062934263757,9.896404895584672
D_short_window_none_i0,D,,short_window,none,0,missed_window,0,FAILURE_HANDLING,missed_window,,,21.400000000000002,21.400000000000002,13.001562500000073,0,0,0,0,117,0.0,2.5,0.38404352340053144,0.37710690003586933,0.0,0.030589656205251874,0.002952976919383646,0.0631541113366387,0.184375,0.0423929291297546,0.0,0.029033991763537124,0.09851843347566573,0.05085143764535199,0.06354108571913399,24.30402892164403,24.30402892164403,34.28899035100949
D_short_window_none_i1,D,,short_window,none,1,missed_window,0,FAILURE_HANDLING,missed_window,,,21.400000000000002,21.400000000000002,12.868593750000098,0,0,0,0,103,0.0,2.5,0.3548442408958395,0.37911759997950867,0.0,0.03848400704795776,0.0030932972609781324,0.06271821408219103,0.184375,0.05247427007487618,0.0,0.03586936986011004,0.23320006713385158,0.05672265620022721,0.05978824722656408,20.249779258826294,20.249779258826294,23.416279142155727
D_short_window_none_i2,D,,short_window,none,2,missed_window,0,FAILURE_HANDLING,missed_window,,,21.400000000000002,21.400000000000002,10.205156250000012,0,0,0,0,120,0.0,2.5,0.399960625587522,0.32688649999909103,0.0,0.04242991569862727,0.004083808066363182,0.06332708337520934,0.19375,0.06183457302020164,0.0,0.03826403570449213,0.1333859646315916,0.05454129926774923,0.06408798422134736,31.283848874616403,31.283848874616403,35.67313608989183
D_short_window_prepare_i0,D,,short_window,prepare,0,started_but_failed,0,FAILURE_HANDLING,started_but_failed,3.25,,21.400000000000002,21.400000000000002,6.878493661110594,0,0,8,18,195,7.120056731196055,2.5000000000000044,0.5540098328069607,0.24838419997831807,0.0,0.16683788458877635,0.003136988090641263,0.06312799607610511,0.19375,0.06264133297157952,0.04935234336068264,0.2299046163620553,0.0985232204711098,0.05071099992308857,0.06685909353485538,54.530801274964304,54.530801274964304,39.15277747163559
D_short_window_prepare_i1,D,,short_window,prepare,1,missed_window,0,FAILURE_HANDLING,missed_window,,,21.400000000000002,21.400000000000002,12.868593750000098,0,0,0,0,141,0.0,2.5,0.4499375204854288,0.41970720002427697,0.0,0.041563585803025986,0.0032961157349954764,0.06267118565785426,0.190625,0.05724870229700659,0.0,0.03818870112933716,0.23322102526959157,0.05675728380133893,0.061871999687757646,27.676918352870786,27.676918352870786,31.750729412375698
D_short_window_prepare_i2,D,,short_window,prepare,2,missed_window,0,FAILURE_HANDLING,missed_window,,,21.400000000000002,21.400000000000002,10.205156250000012,0,0,0,0,165,0.0,2.5,0.5055257465661901,0.4268125999951735,0.0,0.045607561199301594,0.004354051922427863,0.06325509279931094,0.2,0.0653966834012694,0.0,0.0414198752000423,0.13339473246493477,0.05418236889092199,0.06656529466047989,39.45859890865949,39.45859890865949,46.45770746864442
E_ample_none_i0,E,,ample,none,0,completed,1,SUCCESS_RELEASE,,1.2000000000000002,4.2,30.2,21.400000000000002,8.651412483201664,0,0,0,0,18,0.0,2.5,0.116475363400744,0.15307170001324266,0.0,0.0,0.0,0.0,0.0,0.0,0.0,0.0,0.35323049489045716,0.0,0.0,0.0,0.0,3.0614334281997397
E_ample_none_i1,E,,ample,none,1,missed_window,0,FAILURE_HANDLING,missed_window,,,30.2,21.400000000000002,19.65241544088418,0,0,0,0,14,0.0,2.5,0.11794857051591652,0.366290999983903,0.0,0.0,0.0,0.0,0.0,0.0,0.0,0.0,0.8750962704806424,0.0,0.0,0.010998137820150865,0.010998137820150865,2.0250155711341975
E_ample_none_i2,E,,ample,none,2,started_but_failed,0,FAILURE_HANDLING,started_but_failed,1.85,,27.2,21.400000000000002,8.300019855566529,0,0,0,8,32,1.9382291429083445,2.500000000000001,0.1523532533012557,0.17530569998780265,0.0,0.0,0.0,0.0,0.0,0.0,0.0,0.0,0.42766146470084687,0.0,0.0,0.7231170349032535,0.7231170349032535,3.5312441161824997
E_ample_prepare_i0,E,,ample,prepare,0,completed,1,SUCCESS_RELEASE,,1.2000000000000002,4.2,30.2,21.400000000000002,8.651412483201664,0,0,0,0,44,0.0,2.500000000000002,0.2033882014977333,0.13848750002216548,0.0,0.0,0.0,0.0,0.0,0.0,0.0,0.0,0.37869122706797376,0.0,0.0,2.16827006025565,2.16827006025565,5.273647474441921
E_ample_prepare_i1,E,,ample,prepare,1,missed_window,0,FAILURE_HANDLING,missed_window,,,30.2,21.400000000000002,19.3449394871849,0,0,0,0,40,0.0,2.500000000000002,0.19828348200081133,0.37018010002793744,0.0,0.0,0.0,0.0,0.0,0.0,0.0,0.0,0.8336909066805627,0.0,0.0,2.400731245597931,2.400731245597931,4.000649737930834
E_ample_prepare_i2,E,,ample,prepare,2,started_but_failed,0,FAILURE_HANDLING,started_but_failed,1.85,,27.2,21.400000000000002,8.339337828965977,0,0,0,9,72,3.5412186646465824,2.500000000000002,0.2658307022137891,0.21449179999763146,0.0,0.0,0.0,0.0,0.0,0.0,0.0,0.0,0.4605856749148848,0.0,0.0,3.679902469936464,3.679902469936464,6.4700281097249634
E_collaborative_none_i0,E,,collaborative,none,0,missed_window,0,FAILURE_HANDLING,missed_window,,,21.400000000000002,21.400000000000002,17.672496433659898,0,0,0,0,27,0.0,2.5,0.12428140449631275,0.4055254000122659,0.0,0.0,0.0,0.0,0.0,0.0,0.0,0.0,0.24233965371854996,0.0,0.0,0.8050195528261047,0.8050195528261047,3.9075122243469327
E_collaborative_none_i1,E,,collaborative,none,1,missed_window,0,FAILURE_HANDLING,missed_window,,,21.400000000000002,21.400000000000002,17.658223015861562,0,0,0,0,17,0.0,2.5,0.1038533353854542,0.38225929997861385,0.0,0.0,0.0,0.0,0.0,0.0,0.0,0.0,0.6530790789968536,0.0,0.0,0.6091539869870718,0.6091539869870718,1.1920488520249302
E_collaborative_none_i2,E,,collaborative,none,2,completed,1,SUCCESS_RELEASE,,1.8,4.8,21.400000000000002,21.400000000000002,7.705312499999974,0,0,0,0,100,0.0,2.500000000000002,0.30847564182448456,0.18526200001360849,0.0,0.0,0.0,0.0,0.0,0.0,0.0,0.0,0.15548618646578394,0.0,0.0,11.03728846334066,11.03728846334066,14.496094456324176
E_collaborative_prepare_i0,E,,collaborative,prepare,0,missed_window,0,FAILURE_HANDLING,missed_window,,,21.400000000000002,21.400000000000002,17.449875503520854,0,0,0,0,56,0.0,2.5,0.22176850231230624,0.3662816999712959,0.0,0.0,0.0,0.0,0.0,0.0,0.0,0.0,0.2891151086427123,0.0,0.0,3.6669091475176327,3.6669091475176327,5.755790919588361
E_collaborative_prepare_i1,E,,collaborative,prepare,1,missed_window,0,FAILURE_HANDLING,missed_window,,,21.400000000000002,21.400000000000002,17.467633430343948,0,0,0,0,43,0.0,2.5,0.19805758435940785,0.40617719996953383,0.0,0.0,0.0,0.0,0.0,0.0,0.0,0.0,0.6054281498120734,0.0,0.0,3.234307440623124,3.234307440623124,2.7512984010835626
E_collaborative_prepare_i2,E,,collaborative,prepare,2,started_but_failed,0,FAILURE_HANDLING,started_but_failed,1.8,,21.400000000000002,21.400000000000002,7.627957265870447,0,0,22,36,199,3.556362328918507,2.500000000000002,0.5227249427729023,0.20792170002823696,0.0,0.0,0.0,0.0,0.0,0.0,0.0,0.0,0.18436032624297707,0.0,0.0,28.731347315908664,28.731347315908664,24.313804138781283
E_short_window_none_i0,E,,short_window,none,0,started_but_failed,0,FAILURE_HANDLING,started_but_failed,2.85,,21.400000000000002,21.400000000000002,5.638005711425291,0,0,56,57,257,1.3401665341458817,2.500000000000001,0.7138057651551161,0.2573772000032477,0.0,0.0,0.0,0.0,0.0,0.0,0.0,0.0,0.2695304931652277,0.0,0.0,104.91865511587797,104.91865511587797,97.68259730547831
E_short_window_none_i1,E,,short_window,none,1,missed_window,0,FAILURE_HANDLING,missed_window,,,21.400000000000002,21.400000000000002,11.910841327548649,0,0,0,0,157,0.0,2.5,0.4475242267064072,0.512137099984102,0.0,0.0,0.0,0.0,0.0,0.0,0.0,0.0,0.9893564307865013,0.0,0.0,42.63858049672817,42.63858049672817,54.43937055205465
E_short_window_none_i2,E,,short_window,none,2,started_but_failed,0,FAILURE_HANDLING,started_but_failed,2.85,,21.400000000000002,21.400000000000002,6.6545714598142185,0,0,44,46,245,1.5599108066638367,2.5,0.6938485006955502,0.2734473000164144,0.0,0.0,0.0,0.0,0.0,0.0,0.0,0.0,0.341564813062272,0.0,0.0,98.63934694919128,98.63934694919128,91.12741778058754
E_short_window_prepare_i0,E,,short_window,prepare,0,started_but_failed,0,FAILURE_HANDLING,started_but_failed,3.0,,21.400000000000002,21.400000000000002,6.174093867764509,0,0,46,49,279,3.3900998850799944,2.5,0.7742922414434588,0.3300920999608934,0.0,0.0,0.0,0.0,0.0,0.0,0.0,0.0,0.29972735383111637,0.0,0.0,98.92394091597745,98.92394091597745,86.32218422068348
E_short_window_prepare_i1,E,,short_window,prepare,1,missed_window,0,FAILURE_HANDLING,missed_window,,,21.400000000000002,21.400000000000002,11.807275803902439,0,0,0,0,185,0.0,2.5,0.5146592636143517,0.4825766999856569,0.0,0.0,0.0,0.0,0.0,0.0,0.0,0.0,1.0121443103471752,0.0,0.0,46.833737727506055,46.833737727506055,57.154038518911044
E_short_window_prepare_i2,E,,short_window,prepare,2,started_but_failed,0,FAILURE_HANDLING,started_but_failed,3.0,,21.400000000000002,21.400000000000002,6.576437956153836,0,0,38,41,261,5.148427343743862,2.5,0.7305356898969887,0.2598928000079468,0.0,0.0,0.0,0.0,0.0,0.0,0.0,0.0,0.39461802240830857,0.0,0.0,93.40712082713874,93.40712082713874,81.64423755677376
